-- phpMyAdmin SQL Dump
-- version 5.2.0
-- https://www.phpmyadmin.net/
--
-- Host: localhost:3306
-- Waktu pembuatan: 07 Sep 2022 pada 00.41
-- Versi server: 5.7.33
-- Versi PHP: 7.4.29

SET SQL_MODE = "NO_AUTO_VALUE_ON_ZERO";
START TRANSACTION;
SET time_zone = "+00:00";


/*!40101 SET @OLD_CHARACTER_SET_CLIENT=@@CHARACTER_SET_CLIENT */;
/*!40101 SET @OLD_CHARACTER_SET_RESULTS=@@CHARACTER_SET_RESULTS */;
/*!40101 SET @OLD_COLLATION_CONNECTION=@@COLLATION_CONNECTION */;
/*!40101 SET NAMES utf8mb4 */;

--
-- Database: `sianjababk`
--

-- --------------------------------------------------------

--
-- Struktur dari tabel `failed_jobs`
--

CREATE TABLE `failed_jobs` (
  `id` bigint(20) UNSIGNED NOT NULL,
  `uuid` varchar(255) COLLATE utf8mb4_unicode_ci NOT NULL,
  `connection` text COLLATE utf8mb4_unicode_ci NOT NULL,
  `queue` text COLLATE utf8mb4_unicode_ci NOT NULL,
  `payload` longtext COLLATE utf8mb4_unicode_ci NOT NULL,
  `exception` longtext COLLATE utf8mb4_unicode_ci NOT NULL,
  `failed_at` timestamp NOT NULL DEFAULT CURRENT_TIMESTAMP
) ENGINE=InnoDB DEFAULT CHARSET=utf8mb4 COLLATE=utf8mb4_unicode_ci;

-- --------------------------------------------------------

--
-- Struktur dari tabel `jabatan`
--

CREATE TABLE `jabatan` (
  `id` bigint(20) UNSIGNED NOT NULL,
  `kode` char(36) COLLATE utf8mb4_unicode_ci DEFAULT NULL,
  `nama` varchar(255) COLLATE utf8mb4_unicode_ci DEFAULT NULL,
  `ringkasan_tugas` text COLLATE utf8mb4_unicode_ci,
  `id_jenis_jabatan` bigint(20) UNSIGNED DEFAULT NULL,
  `id_skpd` bigint(20) UNSIGNED DEFAULT NULL,
  `induk` bigint(20) UNSIGNED DEFAULT NULL
) ENGINE=InnoDB DEFAULT CHARSET=utf8mb4 COLLATE=utf8mb4_unicode_ci;

--
-- Dumping data untuk tabel `jabatan`
--

INSERT INTO `jabatan` (`id`, `kode`, `nama`, `ringkasan_tugas`, `id_jenis_jabatan`, `id_skpd`, `induk`) VALUES
(1, 'A.1', 'KEPALA BIRO ORGANISASI DAN REFORMASI BIROKRASI', NULL, NULL, 1, NULL),
(2, 'A.1.4', 'ARSIPARIS PELAKSANA', NULL, NULL, 1, 1),
(3, 'A.1.5', 'ARSIPARIS PELAKSANA LANJUTAN', NULL, NULL, 1, 1),
(4, 'A.1.6', 'ARSIPARIS PENYELIA', NULL, NULL, 1, 1),
(5, 'A.1.7', 'ARSIPARIS PERTAMA', NULL, NULL, 1, 1),
(6, 'A.1.8', 'ARSIPARIS MUDA', NULL, NULL, 1, 1),
(7, 'A.1.9', 'ANALIS KEBIJAKAN AHLI PERTAMA', NULL, NULL, 1, 1),
(8, 'A.1.10', 'ANALIS KEBIJAKAN AHLI MUDA', NULL, NULL, 1, 1),
(9, 'A.1.11', 'ANALIS KEBIJAKAN AHLI MADYA', NULL, NULL, 1, 1),
(10, 'A.1.12', 'ANALIS KEBIJAKAN', NULL, NULL, 1, 1),
(11, 'A.1.13', 'ANALIS KEBIJAKAN', NULL, NULL, 1, 1),
(12, 'A.1.14', 'ANALIS KEBIJAKAN', NULL, NULL, 1, 1),
(13, 'A.1.15', 'ANALIS KEBIJAKAN', NULL, NULL, 1, 1),
(14, 'A.1.16', 'ANALIS KEBIJAKAN', NULL, NULL, 1, 1),
(15, 'A.1.17', 'ANALIS KEBIJAKAN', NULL, NULL, 1, 1),
(16, 'A.1.18', 'ANALIS KEBIJAKAN', NULL, NULL, 1, 1),
(17, 'A.1.19', 'ANALIS KEBIJAKAN', NULL, NULL, 1, 1),
(18, 'A.1.1', 'KEPALA BAGIAN KELEMBAGAAN DAN ANALISA JABATAN', NULL, NULL, 1, 1),
(19, 'A.1.1.1.1', 'ANALIS KOMPETENSI', NULL, NULL, 1, 18),
(20, 'A.1.1.1.2', 'PENGOLAH DATA', NULL, NULL, 1, 18),
(21, 'A.1.1.1.3', 'ANALIS JABATAN', NULL, NULL, 1, 18),
(22, 'A.1.1.1.4', 'ANALIS SUMBER DAYA MANUSIA APARATUR', NULL, NULL, 1, 18),
(23, 'A.1.1.1.5', 'PENYUSUN BAHAN KEBIJAKAN', NULL, NULL, 1, 18),
(24, 'A.1.1.1.6', 'PENGADMINISTRASI UMUM', NULL, NULL, 1, 18),
(25, 'A.1.1.1.7', 'PENGADMINISTRASI UMUM', NULL, NULL, 1, 18),
(26, 'A.1.1.1.8', 'PENYUSUN BAHAN KEBIJAKAN', NULL, NULL, 1, 18),
(27, 'A.1.1.1.9', 'ANALIS KELEMBAGAAN', NULL, NULL, 1, 18),
(28, 'A.1.1.1.10', 'PENGOLAH DATA KELEMBAGAAN', NULL, NULL, 1, 18),
(29, 'A.1.1.1.11', 'PENGADMINISTRASI UMUM', NULL, NULL, 1, 18),
(30, 'A.1.1.1.12', 'PENYUSUN BAHAN KEBIJAKAN', NULL, NULL, 1, 18),
(31, 'A.1.1.1.13', 'ANALIS KELEMBAGAAN', NULL, NULL, 1, 18),
(32, 'A.1.1.1.14', 'PENGOLAH DATA KELEMBAGAAN', NULL, NULL, 1, 18),
(33, 'A.1.2', 'KEPALA BAGIAN REFORMASI BIROKRASI DAN AKUNBILITAS KINERJA', NULL, NULL, 1, 1),
(34, 'A.1.2.1.1', 'ANALIS AKUNTABILITAS KINERJA', NULL, NULL, 1, 33),
(35, 'A.1.2.1.2', 'PENGADMINISTRASI UMUM', NULL, NULL, 1, 33),
(36, 'A.1.2.1.3', 'PENYUSUN BAHAN KEBIJAKAN', NULL, NULL, 1, 33),
(37, 'A.1.2.1.4', 'PENGOLAH DATA', NULL, NULL, 1, 33),
(38, 'A.1.2.1.5', 'ANALIS LAPORAN AKUNTABILITAS', NULL, NULL, 1, 33),
(39, 'A.1.2.1.6', 'PENGOLAH DATA', NULL, NULL, 1, 33),
(40, 'A.1.2.1.7', 'PENGADMINISTRASI UMUM', NULL, NULL, 1, 33),
(41, 'A.1.2.1.8', 'ANALIS SUMBER DAYA MANUSIA APARATUR', NULL, NULL, 1, 33),
(42, 'A.1.2.1.9', 'PENYUSUN BAHAN KEBIJAKAN', NULL, NULL, 1, 33),
(43, 'A.1.2.1.10', 'PENGOLAH DATA', NULL, NULL, 1, 33),
(44, 'A.1.2.1.11', 'ANALIS KINERJA', NULL, NULL, 1, 33),
(45, 'A.1.2.1.12', 'PENYUSUN BAHAN KEBIJAKAN', NULL, NULL, 1, 33),
(46, 'A.1.2.1.13', 'PENGADMINISTRASI UMUM', NULL, NULL, 1, 33),
(47, 'A.1.3', 'KEPALA BAGIAN TATA LAKSANA', NULL, NULL, 1, 1),
(48, 'A.1.3.1.16', 'PENYUSUN BAHAN KEBIJAKAN', NULL, NULL, 1, 47),
(49, 'A.1.3.1.17', 'ANALISIS TATA LAKSANA', NULL, NULL, 1, 47),
(50, 'A.1.3.1.18', 'PENGELOLA DATA TATA ORGANISASI DAN TATA LAKSANA', NULL, NULL, 1, 47),
(51, 'A.1.3.1.19', 'PENGADMINISTRASI UMUM', NULL, NULL, 1, 47),
(52, 'A.1.3.1.20', 'ANALIS PELAYANAN PUBLIK', NULL, NULL, 1, 47),
(53, 'A.1.3.1.21', 'PENYUSUN BAHAN KEBIJAKAN', NULL, NULL, 1, 47),
(54, 'A.1.3.1.22', 'PENGOLAH DATA', NULL, NULL, 1, 47),
(55, 'A.1.3.1.23', 'PENGADMINISTRASI UMUM', NULL, NULL, 1, 47),
(56, 'A.1.3.1', 'KEPALA SUB BAGIAN TATA USAHA', NULL, NULL, 1, 47),
(57, 'A.1.3.1.1', 'PENGELOLA BARANG MILIK NEGARA', NULL, NULL, 1, 56),
(58, 'A.1.3.1.2', 'VERIVIKATOR KEUANGAN', NULL, NULL, 1, 56),
(59, 'A.1.3.1.3', 'PENGELOLA AKUNTANSI', NULL, NULL, 1, 56),
(60, 'A.1.3.1.4', 'PENGOLAH BAHAN INFORMASI DAN PUBLIKASI', NULL, NULL, 1, 56),
(61, 'A.1.3.1.5', 'PENYUSUN PROGRAM ANGGARAN DAN PELAPORAN', NULL, NULL, 1, 56),
(62, 'A.1.3.1.6', 'PENGADMINISTRASI KEPEGAWAIAN', NULL, NULL, 1, 56),
(63, 'A.1.3.1.7', 'PENGOLAH DATA APLIKASI DAN PENGELOLAAN DATA SISTEM KEUANGAN', NULL, NULL, 1, 56),
(64, 'A.1.3.1.8', 'PENGADMINISTRASI KEUANGAN', NULL, NULL, 1, 56),
(65, 'A.1.3.1.9', 'PENGELOLA KEPEGAWAIAN', NULL, NULL, 1, 56),
(66, 'A.1.3.1.10', 'PENGELOLA KEUANGAN', NULL, NULL, 1, 56),
(67, 'A.1.3.1.11', 'PRAMU BAKTI', NULL, NULL, 1, 56),
(68, 'A.1.3.1.12', 'BENDAHARA', NULL, NULL, 1, 56),
(69, 'A.1.3.1.13', 'PENGADMINISTRASI UMUM', NULL, NULL, 1, 56),
(70, 'A.1.3.1.14', 'SEKRETARIS', NULL, NULL, 1, 56),
(71, 'A.1.3.1.15', 'PENGELOLA KEGIATAN DAN ANGGARAN', NULL, NULL, 1, 56),
(72, 'B.1', 'KEPALA BIRO ADMINISTRASI PIMPINAN', NULL, NULL, 2, NULL),
(73, 'B.1.4', 'ARSIPARIS MUDA', NULL, NULL, 2, 72),
(74, 'B.1.5', 'ARSIPARIS PERTAMA', NULL, NULL, 2, 72),
(75, 'B.1.6', 'ARSIPARIS PELAKSANA', NULL, NULL, 2, 72),
(76, 'B.1.7', 'ARSIPARIS PELAKSANA LANJUTAN', NULL, NULL, 2, 72),
(77, 'B.1.8', 'ARSIPARIS PENYELIA', NULL, NULL, 2, 72),
(78, 'B.1.9', 'ANALIS KEBIJAKAN PERTAMA', NULL, NULL, 2, 72),
(79, 'B.1.10', 'ANALIS KEBIJAKAN MUDA', NULL, NULL, 2, 72),
(80, 'B.1.11', 'ANALIS KEBIJAKAN MADYA', NULL, NULL, 2, 72),
(81, 'B.1.12', 'ANALIS KEPEGAWAIAN PERTAMA', NULL, NULL, 2, 72),
(82, 'B.1.13', 'ANALIS KEPEGAWAIAN MUDA', NULL, NULL, 2, 72),
(83, 'B.1.14', 'ANALIS KEPEGAWAIAN MADYA', NULL, NULL, 2, 72),
(84, 'B.1.15', 'ANALIS KEBIJAKAN', NULL, NULL, 2, 72),
(85, 'B.1.16', 'ANALIS KEBIJAKAN', NULL, NULL, 2, 72),
(86, 'B.1.17', 'ANALIS KEBIJAKAN', NULL, NULL, 2, 72),
(87, 'B.1.18', 'ANALIS KEBIJAKAN', NULL, NULL, 2, 72),
(88, 'B.1.19', 'ANALIS KEBIJAKAN', NULL, NULL, 2, 72),
(89, 'B.1.20', 'ANALIS KEBIJAKAN', NULL, NULL, 2, 72),
(90, 'B.1.21', 'ANALIS KEBIJAKAN', NULL, NULL, 2, 72),
(91, 'B.1.22', 'ANALIS KEBIJAKAN', NULL, NULL, 2, 72),
(92, 'B.1.1', 'KEPALA BAGIAN MATERI DAN KOMUNIKASI PIMPINAN', NULL, NULL, 2, 72),
(93, 'B.1.1.1.1', 'PENYUSUN NASKAH', NULL, NULL, 2, 92),
(94, 'B.1.1.1.2', 'PENGADMINISTRASI UMUM', NULL, NULL, 2, 92),
(95, 'B.1.1.1.3', 'OPERATOR KOMPUTER GRAFIS', NULL, NULL, 2, 92),
(96, 'B.1.1.1.4', 'PENGELOLA TATA NASKAH', NULL, NULL, 2, 92),
(97, 'B.1.1.1.5', 'PENGADMINISTRASI DATA PENYAJIAN DAN PUBLIKASI', NULL, NULL, 2, 92),
(98, 'B.1.1.1.6', 'PENYUSUN BAHAN INFORMASI DAN PUBLIKASI', NULL, NULL, 2, 92),
(99, 'B.1.1.1.7', 'PENGELOLA DATA HUBUNGAN MASYARAKAT DAN RUMAH TANGGA', NULL, NULL, 2, 92),
(100, 'B.1.1.1.8', 'PENGELOLA LAYANAN KEHUMASAN', NULL, NULL, 2, 92),
(101, 'B.1.1.1.9', 'PENGADMINISTRASI UMUM', NULL, NULL, 2, 92),
(102, 'B.1.1.1.10', 'ANALIS PUBLIKASI', NULL, NULL, 2, 92),
(103, 'B.1.1.1.11', 'ANALIS BERITA', NULL, NULL, 2, 92),
(104, 'B.1.1.1.12', 'ANALIS KONTEN MEDIA SOSIAL', NULL, NULL, 2, 92),
(105, 'B.1.1.1.13', 'PERANCANG GRAFIS', NULL, NULL, 2, 92),
(106, 'B.1.1.1.14', 'PENYUSUN BERITA DAN PENDAPAT UMUM', NULL, NULL, 2, 92),
(107, 'B.1.1.1.15', 'REDAKTUR', NULL, NULL, 2, 92),
(108, 'B.1.1.1.16', 'PENGELOLA MEDIA CETAK', NULL, NULL, 2, 92),
(109, 'B.1.1.1.17', 'PENGOLAH INFORMASI MEDIA', NULL, NULL, 2, 92),
(110, 'B.1.1.1.18', 'PENGEMUDI', NULL, NULL, 2, 92),
(111, 'B.1.1.1.19', 'PENGELOLA PENGADUAN PUBLIK', NULL, NULL, 2, 92),
(112, 'B.1.1.1.20', 'PENGADMINISTRASI UMUM', NULL, NULL, 2, 92),
(113, 'B.1.1.1.21', 'PENGEMUDI', NULL, NULL, 2, 92),
(114, 'B.1.1.1.22', 'PENGELOLA DOKUMENTASI', NULL, NULL, 2, 92),
(115, 'B.1.1.1.23', 'PENGOLAH KONTEN MEDIA SOSIAL', NULL, NULL, 2, 92),
(116, 'B.1.1.1.24', 'PENYUSUN BAHAN INFORMASI DAN PUBLIKASI', NULL, NULL, 2, 92),
(117, 'B.1.1.1.25', 'PENATA LIPUTAN', NULL, NULL, 2, 92),
(118, 'B.1.2', 'KEPALA BAGIAN PROTOKOL', NULL, NULL, 2, 72),
(119, 'B.1.2.1.1', 'PRANATA ACARA', NULL, NULL, 2, 118),
(120, 'B.1.2.1.2', 'PETUGAS PROTOKOL', NULL, NULL, 2, 118),
(121, 'B.1.2.1.3', 'PENGADMINISTRASI UMUM', NULL, NULL, 2, 118),
(122, 'B.1.2.1.4', 'ANALISIS PROTOKOL', NULL, NULL, 2, 118),
(123, 'B.1.2.1.5', 'PENATA ACARA', NULL, NULL, 2, 118),
(124, 'B.1.2.1.6', 'PENGEMUDI', NULL, NULL, 2, 118),
(125, 'B.1.2.1.7', 'PETUGAS PROTOKOL', NULL, NULL, 2, 118),
(126, 'B.1.2.1.8', 'PRANATA ACARA', NULL, NULL, 2, 118),
(127, 'B.1.2.1.9', 'PENYUSUN BAHAN KEBIJAKAN', NULL, NULL, 2, 118),
(128, 'B.1.2.1.10', 'PENATA ACARA', NULL, NULL, 2, 118),
(129, 'B.1.2.1.11', 'PRANATA JAMUAN', NULL, NULL, 2, 118),
(130, 'B.1.2.1.12', 'PENGADMINISTRASI UMUM', NULL, NULL, 2, 118),
(131, 'B.1.2.1.13', 'PENGEMUDI', NULL, NULL, 2, 118),
(132, 'B.1.2.1.14', 'PENATA ACARA', NULL, NULL, 2, 118),
(133, 'B.1.2.1.15', 'PENYUSUN BAHAN KEBIJAKAN', NULL, NULL, 2, 118),
(134, 'B.1.2.1.16', 'PRANATA ACARA', NULL, NULL, 2, 118),
(135, 'B.1.2.1.17', 'PENGADMINISTRASI UMUM', NULL, NULL, 2, 118),
(136, 'B.1.2.1.18', 'PENGEMUDI', NULL, NULL, 2, 118),
(137, 'B.1.3', 'KEPALA BAGIAN PERENCANAAN, EVALUASI, PELAPORAN DAN KEPEGAWAIAN SEKRETARIAT DAERAH', NULL, NULL, 2, 72),
(138, 'B.1.3.1.17', 'PENYUSUN PROGRAM, ANGGARAN DAN PELAPORAN', NULL, NULL, 2, 137),
(139, 'B.1.3.1.18', 'PENGELOLA PELAPORAN DAN EVALUASI PELAKSANAAN APBD', NULL, NULL, 2, 137),
(140, 'B.1.3.1.19', 'PENGELOLA KEGIATAN DAN ANGGARAN', NULL, NULL, 2, 137),
(141, 'B.1.3.1.20', 'PENGADMINISTRASI PERENCANAAN DAN PROGRAM', NULL, NULL, 2, 137),
(142, 'B.1.3.1.21', 'ANALIS PERENCANAAN', NULL, NULL, 2, 137),
(143, 'B.1.3.1.22', 'PENGADMINISTRASI UMUM', NULL, NULL, 2, 137),
(144, 'B.1.3.1.23', 'PENGELOLA KEPEGAWAIAN', NULL, NULL, 2, 137),
(145, 'B.1.3.1.24', 'PENGELOLA SISTEM INFORMASI MANAJEMEN KEPEGAWAIAN', NULL, NULL, 2, 137),
(146, 'B.1.3.1.25', 'PENGADMINISTRASI KEPEGAWAIAN', NULL, NULL, 2, 137),
(147, 'B.1.3.1.26', 'PENGADMINISTRASI UMUM', NULL, NULL, 2, 137),
(148, 'B.1.3.1', 'KEPALA SUB BAGIAN TATA USAHA', NULL, NULL, 2, 137),
(149, 'B.1.3.1.1', 'BENDAHARA', NULL, NULL, 2, 148),
(150, 'B.1.3.1.2', 'PENGELOLA BARANG MILIK NEGARA', NULL, NULL, 2, 148),
(151, 'B.1.3.1.3', 'PENGELOLA KEGIATAN DAN ANGGARAN', NULL, NULL, 2, 148),
(152, 'B.1.3.1.4', 'VERIVIKATOR KEUANGAN', NULL, NULL, 2, 148),
(153, 'B.1.3.1.5', 'PENGELOLA AKUNTANSI', NULL, NULL, 2, 148),
(154, 'B.1.3.1.6', 'PENGOLAH DATA APLIKASI PENGELOLAAN DATA SISTEM KEUANGAN', NULL, NULL, 2, 148),
(155, 'B.1.3.1.7', 'PENGOLAH BAHAN INFORMASI DAN PUBLIKASI', NULL, NULL, 2, 148),
(156, 'B.1.3.1.8', 'SEKRETARIS', NULL, NULL, 2, 148),
(157, 'B.1.3.1.9', 'PENGELOLA KEPEGAWAIAN', NULL, NULL, 2, 148),
(158, 'B.1.3.1.10', 'PENGELOLA KEUANGAN', NULL, NULL, 2, 148),
(159, 'B.1.3.1.11', 'PENGADMINISTRASI KEUANGAN', NULL, NULL, 2, 148),
(160, 'B.1.3.1.12', 'PENGADMINISTRASI KEPEGAWAIAN', NULL, NULL, 2, 148),
(161, 'B.1.3.1.13', 'PENGADMINISTRASI UMUM', NULL, NULL, 2, 148),
(162, 'B.1.3.1.14', 'PRAMU BAKTI', NULL, NULL, 2, 148),
(163, 'B.1.3.1.15', 'PENGELOLA SITUS ATAU WEB', NULL, NULL, 2, 148),
(164, 'B.1.3.1.16', 'PENYUSUN PROGRAM, ANGGARAN DAN PELAPORAN', NULL, NULL, 2, 148),
(165, 'D.1', 'KEPALA BIRO PEREKONOMIAN DAN ADMINISTRASI PEMBANGUNAN', NULL, NULL, 3, NULL),
(166, 'D.1.1', 'ARSIPARIS PELAKSANA', NULL, NULL, 3, 165),
(167, 'D.1.2', 'ARSIPARIS PELAKSANA LANJUTAN', NULL, NULL, 3, 165),
(168, 'D.1.3', 'ARSIPARIS PENYELIA', NULL, NULL, 3, 165),
(169, 'D.1.4', 'ARSIPARIS PERTAMA', NULL, NULL, 3, 165),
(170, 'D.1.5', 'ARSIPARIS MUDA', NULL, NULL, 3, 165),
(171, 'D.1.6', 'PENGADMINISTRASI UMUM', NULL, NULL, 3, 165),
(172, 'D.1.7', 'ANALIS DATA BLU', NULL, NULL, 3, 165),
(173, 'D.1.8', 'ANALIS EKONOMI MAKRO', NULL, NULL, 3, 165),
(174, 'D.1.9', 'PENYUSUN BAHAN KEBIJAKAN', NULL, NULL, 3, 165),
(175, 'D.1.10', 'PENELAAH PERKEMBANGAN BUMD', NULL, NULL, 3, 165),
(176, 'D.1.11', 'PENGELOLA PEMBINAAN DAN PENGEMBANGAN PEREKONOMIAN', NULL, NULL, 3, 165),
(177, 'D.1.12', 'PENGADMINISTRASI UMUM', NULL, NULL, 3, 165),
(178, 'D.1.13', 'ANALIS PARIWISATA', NULL, NULL, 3, 165),
(179, 'D.1.14', 'ANALIS EKONOMI KREATIF', NULL, NULL, 3, 165),
(180, 'D.1.15', 'ANALIS EKONOMI MAKRO', NULL, NULL, 3, 165),
(181, 'D.1.16', 'ANALIS TENAGA KERJA', NULL, NULL, 3, 165),
(182, 'D.1.17', 'ANALIS PERDAGANGAN', NULL, NULL, 3, 165),
(183, 'D.1.18', 'ANALIS KOPERASI', NULL, NULL, 3, 165),
(184, 'D.1.19', 'ANALIS INDUSTRI', NULL, NULL, 3, 165),
(185, 'D.1.20', 'PRANATA KETRANSMIGRASIAN', NULL, NULL, 3, 165),
(186, 'D.1.21', 'PENGELOLA PERINDUSTRIAN, PERDAGANGAN DAN BADAN USAHA DAERAH', NULL, NULL, 3, 165),
(187, 'D.1.22', 'PENGELOLA PERMODALAN KOPERASI DAN USAHA KECIL, MIKRO DAN MENENGAH', NULL, NULL, 3, 165),
(188, 'D.1.23', 'PENYUSUN BAHAN KEBIJAKAN', NULL, NULL, 3, 165),
(189, 'D.1.24', 'PENYUSUN BAHAN KEBIJAKAN', NULL, NULL, 3, 165),
(190, 'D.1.25', 'PENGADMINISTRASI UMUM', NULL, NULL, 3, 165),
(191, 'D.1.26', 'ANALIS PANGAN', NULL, NULL, 3, 165),
(192, 'D.1.27', 'ANALIS INFORMASI HASIL PERTANIAN', NULL, NULL, 3, 165),
(193, 'D.1.28', 'ANALIS LINGKUNGAN HIDUP', NULL, NULL, 3, 165),
(194, 'D.1.29', 'ANALIS KELAUTAN DAN PERIKANAN', NULL, NULL, 3, 165),
(195, 'D.1.30', 'ANALIS EKONOMI MAKRO', NULL, NULL, 3, 165),
(196, 'D.1.31', 'PENGOLAH DATA', NULL, NULL, 3, 165),
(197, 'D.1.32', 'PENGADMINISTRASI UMUM', NULL, NULL, 3, 165),
(198, 'D.1.33', 'PENYUSUN BAHAN KEBIJAKAN', NULL, NULL, 3, 165),
(199, 'D.1.34', 'PENGELOLA PENGANDALIAN, MONITORING DAN EVALUASI PEMBANGUNAN', NULL, NULL, 3, 165),
(200, 'D.1.35', 'PENYUSUN RENCANA PENGAWASAN', NULL, NULL, 3, 165),
(201, 'D.1.36', 'PENGADMINISTRASI UMUM', NULL, NULL, 3, 165),
(202, 'D.1.37', 'PENYUSUN BAHAN KEBIJAKAN', NULL, NULL, 3, 165),
(203, 'D.1.38', 'PENGELOLA LAPORAN DAN EVALUASI PELAKSANAAN DANA ALOKASI UMUM DAN BANTUAN KEUANGAN', NULL, NULL, 3, 165),
(204, 'D.1.39', 'PENGELOLA PENGENDALIAN, MONITORING DAN EVALUASI PEMBANGUNAN', NULL, NULL, 3, 165),
(205, 'D.1.40', 'PENGADMINISTRASI UMUM', NULL, NULL, 3, 165),
(206, 'D.1.41', 'PENGELOLA PENGENDALIAN, MONITORING DAN EVALUASI PEMBANGUNAN', NULL, NULL, 3, 165),
(207, 'D.1.42', 'PENYUSUN RENCANA PENGAWASAN', NULL, NULL, 3, 165),
(208, 'D.1.43', 'PENYUSUN BAHAN KEBIJAKAN', NULL, NULL, 3, 165),
(209, 'D.1.44', 'PENGADMINISTRASI UMUM', NULL, NULL, 3, 165),
(210, 'D.1.45', 'PENYUSUN PROGRAM ANGGARAN DAN PELAPORAN', NULL, NULL, 3, 165),
(211, 'D.1.46', 'ANALIS DATA DAN INFORMASI', NULL, NULL, 3, 165),
(212, 'D.1.47', 'PENYUSUN BAHAN KEBIJAKAN', NULL, NULL, 3, 165),
(213, 'D.1.48', 'PENGOLAH DATA', NULL, NULL, 3, 165),
(214, 'D.1.49', 'ANALIS PEMBANGUNAN', NULL, NULL, 3, 165),
(215, 'D.1.50', 'PENGOLAH DATA', NULL, NULL, 3, 165),
(216, 'D.1.51', 'PENYUSUN BAHAN KEBIJAKAN', NULL, NULL, 3, 165),
(217, 'D.1.52', 'PENGADMINISTRASI UMUM', NULL, NULL, 3, 165),
(218, 'D.1.53', 'ANALIS KEBIJAKAN', NULL, NULL, 3, 165),
(219, 'D.1.54', 'ANALIS KEBIJAKAN', NULL, NULL, 3, 165),
(220, 'D.1.55', 'ANALIS KEBIJAKAN', NULL, NULL, 3, 165),
(221, 'D.1.56', 'ANALIS KEBIJAKAN', NULL, NULL, 3, 165),
(222, 'D.1.57', 'ANALIS KEBIJAKAN', NULL, NULL, 3, 165),
(223, 'D.1.58', 'ANALIS KEBIJAKAN', NULL, NULL, 3, 165),
(224, 'D.1.59', 'ANALIS KEBIJAKAN', NULL, NULL, 3, 165),
(225, 'D.1.60', 'ANALIS KEBIJAKAN', NULL, NULL, 3, 165),
(226, 'D.1.61', 'ANALIS KEBIJAKAN', NULL, NULL, 3, 165),
(227, 'D.1.62', 'ANALIS KEBIJAKAN', NULL, NULL, 3, 165),
(228, 'D.1.63', 'ANALIS KEBIJAKAN', NULL, NULL, 3, 165),
(229, 'D.1.1.1', 'KEPALA SUB BAGIAN TATA USAHA', NULL, NULL, 3, 165),
(230, 'D.1.1.1.1', 'PENGELOLA AKUNTANSI', NULL, NULL, 3, 229),
(231, 'D.1.1.1.2', 'PENGADMINISTRASI UMUM', NULL, NULL, 3, 229),
(232, 'D.1.1.1.3', 'PENGELOLA KEGIATAN DAN ANGGARAN', NULL, NULL, 3, 229),
(233, 'D.1.1.1.4', 'PENGELOLA BARANG MILIK NEGARA', NULL, NULL, 3, 229),
(234, 'D.1.1.1.5', 'PENGOLAH BAHAN INFORMASI DAN PUBLIKASI', NULL, NULL, 3, 229),
(235, 'D.1.1.1.6', 'PENGOLAH DATA APLIKASI DAN PENGELOLAAN DATA SISTEM KEUANGAN', NULL, NULL, 3, 229),
(236, 'D.1.1.1.7', 'PRAMU BAKTI', NULL, NULL, 3, 229),
(237, 'D.1.1.1.8', 'SEKRETARIS', NULL, NULL, 3, 229),
(238, 'D.1.1.1.9', 'PENGELOLA KEPEGAWAIAN', NULL, NULL, 3, 229),
(239, 'D.1.1.1.10', 'PENYUSUN PROGRAM ANGGARAN DAN PELAPORAN', NULL, NULL, 3, 229),
(240, 'D.1.1.1.11', 'BENDAHARA', NULL, NULL, 3, 229),
(241, 'D.1.1.1.12', 'PENGADMINISTRASI KEUANGAN', NULL, NULL, 3, 229),
(242, 'D.1.1.1.13', 'PENGELOLA KEUANGAN', NULL, NULL, 3, 229),
(243, 'D.1.1.1.14', 'PENGADMINISTRASI KEPEGAWAIAN', NULL, NULL, 3, 229),
(244, 'D.1.1.1.15', 'VERIFIKATOR KEUANGAN', NULL, NULL, 3, 229),
(245, 'C.1', 'KEPALA BIRO UMUM', NULL, NULL, 4, NULL),
(246, 'C.1.4', 'ARSIPARIS PELAKSANA', NULL, NULL, 4, 245),
(247, 'C.1.5', 'ARSIPARIS PELAKSANA LANJUTAN', NULL, NULL, 4, 245),
(248, 'C.1.6', 'ARSIPARIS PENYELIA', NULL, NULL, 4, 245),
(249, 'C.1.7', 'ARSIPARIS MUDA', NULL, NULL, 4, 245),
(250, 'C.1.8', 'ARSIPARIS PERTAMA', NULL, NULL, 4, 245),
(251, 'C.1.9', 'PUSTAKAWAN PELAKSANA', NULL, NULL, 4, 245),
(252, 'C.1.10', 'PUSTAKAWAN PELAKSANA LANJUTAN', NULL, NULL, 4, 245),
(253, 'C.1.11', 'PUSTAKAWAN PENYELIA', NULL, NULL, 4, 245),
(254, 'C.1.12', 'ANALIS KEBIJAKAN', NULL, NULL, 4, 245),
(255, 'C.1.13', 'ANALIS KEBIJAKAN', NULL, NULL, 4, 245),
(256, 'C.1.14', 'ANALIS KEBIJAKAN', NULL, NULL, 4, 245),
(257, 'C.1.15', 'ANALIS KEBIJAKAN', NULL, NULL, 4, 245),
(258, 'C.1.16', 'ANALIS KEBIJAKAN', NULL, NULL, 4, 245),
(259, 'C.1.17', 'ANALIS KEBIJAKAN', NULL, NULL, 4, 245),
(260, 'C.1.18', 'ANALIS KEBIJAKAN', NULL, NULL, 4, 245),
(261, 'C.1.19', 'ANALIS KEBIJAKAN', NULL, NULL, 4, 245),
(262, 'C.1.1', 'KEPALA BAGIAN PENGELOLAAN BARANG MILIK DAERAH', NULL, NULL, 4, 245),
(263, 'C.1.1.1.1', 'PENGADMINISTRASI UMUM', NULL, NULL, 4, 262),
(264, 'C.1.1.1.2', 'VERIVIKATOR KEUANGAN', NULL, NULL, 4, 262),
(265, 'C.1.1.1.3', 'PENGELOLA KEUANGAN', NULL, NULL, 4, 262),
(266, 'C.1.1.1.4', 'PENGELOLA GAJI', NULL, NULL, 4, 262),
(267, 'C.1.1.1.5', 'PENGELOLA PERJALANAN DINAS', NULL, NULL, 4, 262),
(268, 'C.1.1.1.6', 'PENGOLAH DAFTAR GAJI', NULL, NULL, 4, 262),
(269, 'C.1.1.1.7', 'BENDAHARA', NULL, NULL, 4, 262),
(270, 'C.1.1.1.8', 'PENGELOLA BARANG MILIK NEGARA', NULL, NULL, 4, 262),
(271, 'C.1.1.1.9', 'PENGADMINISTRASI UMUM', NULL, NULL, 4, 262),
(272, 'C.1.1.1.10', 'PENYUSUN LAPORAN KEUANGAN', NULL, NULL, 4, 262),
(273, 'C.1.1.1.11', 'PENGELOLA AKUNTANSI', NULL, NULL, 4, 262),
(274, 'C.1.1.1.12', 'PENYUSUN KEBUTUHAN BARANG INVENTARIS', NULL, NULL, 4, 262),
(275, 'C.1.1.1.13', 'PENGELOLA SARANA DAN PRASARANA KANTOR', NULL, NULL, 4, 262),
(276, 'C.1.1.1.14', 'PENGELOLA BANGUNAN GEDUNG', NULL, NULL, 4, 262),
(277, 'C.1.1.1.15', 'PENGADMINISTRASI UMUM', NULL, NULL, 4, 262),
(278, 'C.1.1.1.16', 'PENYUSUN RENCANA PENGADAAN SARANA DAN PRASARANA', NULL, NULL, 4, 262),
(279, 'C.1.1.1.17', 'PENGADMINISTRASI PEMELIHARAAN GEDUNG KANTOR', NULL, NULL, 4, 262),
(280, 'C.1.1.1.18', 'TEKNISI PEMELIHARAAN SARANA DAN PRASARANA', NULL, NULL, 4, 262),
(281, 'C.1.2', 'KEPALA BAGIAN RUMAH TANGGA PIMPINAN', NULL, NULL, 4, 245),
(282, 'C.1.2.1.1', 'PENYUSUN BAHAN INFORMASI DAN PUBLIKASI', NULL, NULL, 4, 281),
(283, 'C.1.2.1.2', 'PENGELOLA SURAT', NULL, NULL, 4, 281),
(284, 'C.1.2.1.3', 'PENGADMINISTRASI UMUM', NULL, NULL, 4, 281),
(285, 'C.1.2.1.4', 'AJUDAN', NULL, NULL, 4, 281),
(286, 'C.1.2.1.5', 'SEKRETARIS', NULL, NULL, 4, 281),
(287, 'C.1.2.1.6', 'PEMELIHARA SARANA DAN PRASARANA', NULL, NULL, 4, 281),
(288, 'C.1.2.1.7', 'PENGADMINISTRASI UMUM', NULL, NULL, 4, 281),
(289, 'C.1.2.1.8', 'PENGELOLA SURAT', NULL, NULL, 4, 281),
(290, 'C.1.2.1.9', 'AJUDAN', NULL, NULL, 4, 281),
(291, 'C.1.2.1.10', 'SEKRETARIS', NULL, NULL, 4, 281),
(292, 'C.1.2.1.11', 'PEMELIHARA SARANA DAN PRASARANA', NULL, NULL, 4, 281),
(293, 'C.1.2.1.12', 'PENGADMINISTRASI UMUM', NULL, NULL, 4, 281),
(294, 'C.1.2.1.13', 'PRANATA JAMUAN', NULL, NULL, 4, 281),
(295, 'C.1.2.1.14', 'PEMELIHARA SARANA DAN PRASARANA', NULL, NULL, 4, 281),
(296, 'C.1.2.1.15', 'PRAMU BAKTI', NULL, NULL, 4, 281),
(297, 'C.1.3', 'KEPALA BAGIAN UMUM DAN KEUANGAN', NULL, NULL, 4, 245),
(298, 'C.1.3.1.19', 'PENATA KENDARAAN DINAS', NULL, NULL, 4, 297),
(299, 'C.1.3.1.20', 'PENGADMINISTRASI UMUM', NULL, NULL, 4, 297),
(300, 'C.1.3.1.21', 'PENGELOLA KENDARAAN', NULL, NULL, 4, 297),
(301, 'C.1.3.1.22', 'TEKNISI PERALATAN DAN MESIN', NULL, NULL, 4, 297),
(302, 'C.1.3.1.23', 'PENGEMUDI', NULL, NULL, 4, 297),
(303, 'C.1.3.1.24', 'PRANATA KEARSIPAN', NULL, NULL, 4, 297),
(304, 'C.1.3.1.25', 'PENGADMINISTRASI UMUM', NULL, NULL, 4, 297),
(305, 'C.1.3.1.26', 'PENGELOLA SURAT', NULL, NULL, 4, 297),
(306, 'C.1.3.1.27', 'PENGADMINISTRASI PERSURATAN', NULL, NULL, 4, 297),
(307, 'C.1.3.1', 'KEPALA SUB BAGIAN TATA USAHA', NULL, NULL, 4, 297),
(308, 'C.1.3.1.1', 'PENGELOLA BARANG MILIK NEGARA', NULL, NULL, 4, 307),
(309, 'C.1.3.1.2', 'PENGADMINISTRASI KEPEGAWAIAN', NULL, NULL, 4, 307),
(310, 'C.1.3.1.3', 'PENYUSUN PROGRAM ANGGARAN DAN PELAPORAN', NULL, NULL, 4, 307),
(311, 'C.1.3.1.4', 'SEKRETARIS', NULL, NULL, 4, 307),
(312, 'C.1.3.1.5', 'PENGELOLA PERPUSTAKAAN', NULL, NULL, 4, 307),
(313, 'C.1.3.1.6', 'PENGELOLA AKUNTANSI', NULL, NULL, 4, 307),
(314, 'C.1.3.1.7', 'PENGOLAH DATA APLIKASI DAN PENGELOLAAN DATA SISTEM KEUANGAN', NULL, NULL, 4, 307),
(315, 'C.1.3.1.8', 'AJUDAN', NULL, NULL, 4, 307),
(316, 'C.1.3.1.9', 'PENGELOLA KEUANGAN', NULL, NULL, 4, 307),
(317, 'C.1.3.1.10', 'PENGELOLA KEPEGAWAIAN', NULL, NULL, 4, 307),
(318, 'C.1.3.1.11', 'PENGOLAH BAHAN INFORMASI DAN PUBLIKASI', NULL, NULL, 4, 307),
(319, 'C.1.3.1.12', 'BENDAHARA', NULL, NULL, 4, 307),
(320, 'C.1.3.1.13', 'VERIFIKATOR KEUANGAN', NULL, NULL, 4, 307),
(321, 'C.1.3.1.14', 'PENGELOLA KEGIATAN DAN ANGGARAN', NULL, NULL, 4, 307),
(322, 'C.1.3.1.15', 'PENGADMINISTRASI KEUANGAN', NULL, NULL, 4, 307),
(323, 'C.1.3.1.16', 'KOMANDAN PETUGAS KEAMANAN', NULL, NULL, 4, 307),
(324, 'C.1.3.1.17', 'PRANATA PASUKAN PENGAMANAN DALAM', NULL, NULL, 4, 307),
(325, 'C.1.3.1.18', 'PENGADMINISTRASI UMUM', NULL, NULL, 4, 307),
(326, 'E.1', 'KEPALA BIRO PENGADAAN BARANG/JASA', NULL, NULL, 5, NULL),
(327, 'E.1.4', 'ARSIPARIS PELAKSANA', NULL, NULL, 5, 326),
(328, 'E.1.5', 'ARSIPARIS PERTAMA', NULL, NULL, 5, 326),
(329, 'E.1.6', 'ARSIPARIS PENYELIA', NULL, NULL, 5, 326),
(330, 'E.1.7', 'ARSIPARIS MUDA', NULL, NULL, 5, 326),
(331, 'E.1.8', 'ARSIPARIS PELAKSANA LANJUTAN', NULL, NULL, 5, 326),
(332, 'E.1.9', 'PENGELOLA PENGADAAN BARANG/JASA PERTAMA', NULL, NULL, 5, 326),
(333, 'E.1.10', 'PENGELOLA PENGADAAN BARANG/JASA MUDA', NULL, NULL, 5, 326),
(334, 'E.1.11', 'PENGELOLA PENGADAAN BARANG/JASA MADYA', NULL, NULL, 5, 326),
(335, 'E.1.12', 'ANALIS KEBIJAKAN', NULL, NULL, 5, 326),
(336, 'E.1.13', 'ANALIS KEBIJAKAN', NULL, NULL, 5, 326),
(337, 'E.1.14', 'ANALIS KEBIJAKAN', NULL, NULL, 5, 326),
(338, 'E.1.15', 'ANALIS KEBIJAKAN', NULL, NULL, 5, 326),
(339, 'E.1.16', 'ANALIS KEBIJAKAN', NULL, NULL, 5, 326),
(340, 'E.1.17', 'ANALIS KEBIJAKAN', NULL, NULL, 5, 326),
(341, 'E.1.18', 'ANALIS KEBIJAKAN', NULL, NULL, 5, 326),
(342, 'E.1.19', 'ANALIS KEBIJAKAN', NULL, NULL, 5, 326),
(343, 'E.1.1', 'KEPALA BAGIAN PENGELOLAAN PENGADAAN BARANG/JASA', NULL, NULL, 5, 326),
(344, 'E.1.1.1.1', 'PENGADMINISTRASI UMUM', NULL, NULL, 5, 343),
(345, 'E.1.1.1.2', 'PENYUSUN BAHAN KEBIJAKAN', NULL, NULL, 5, 343),
(346, 'E.1.1.1.3', 'ANALIS PERENCANA STRATEGIS', NULL, NULL, 5, 343),
(347, 'E.1.1.1.4', 'ANALIS MANAJEMEN RESIKO', NULL, NULL, 5, 343),
(348, 'E.1.1.1.5', 'PENGELOLA DATA', NULL, NULL, 5, 343),
(349, 'E.1.1.1.6', 'PENGADMINISTRASI UMUM', NULL, NULL, 5, 343),
(350, 'E.1.1.1.7', 'PERANCANG KEBIJAKAN PENGADAAN BARANG DAN JASA', NULL, NULL, 5, 343),
(351, 'E.1.1.1.8', 'PENGELOLA UNIT LAYANAN PENGADAAN', NULL, NULL, 5, 343),
(352, 'E.1.1.1.9', 'PENGADMINISTRASI UMUM', NULL, NULL, 5, 343),
(353, 'E.1.1.1.10', 'ANALIS PELAKSANAAN PROYEK PEMERINTAH', NULL, NULL, 5, 343),
(354, 'E.1.1.1.11', 'PENGELOLA MONITORING DAN EVALUASI', NULL, NULL, 5, 343),
(355, 'E.1.1.1.12', 'PENYUSUN BAHAN KEBIJAKAN', NULL, NULL, 5, 343),
(356, 'E.1.1.1.13', 'PENGADMINISTRASI PERTANAHAN', NULL, NULL, 5, 343),
(357, 'E.1.1.1.14', 'PENGELOLA DATA', NULL, NULL, 5, 343),
(358, 'E.1.1.1.15', 'PENGELOLA INFORMASI PERTANAHAN', NULL, NULL, 5, 343),
(359, 'E.1.2', 'KEPALA BAGIAN PENGELOLAAN LAYANAN PENGADAAN SECARA ELEKTRONIK', NULL, NULL, 5, 326),
(360, 'E.1.2.1.1', 'ANALIS PELAYANAN', NULL, NULL, 5, 359),
(361, 'E.1.2.1.2', 'PENGELOLA LAYANAN PENGADAAN SECARA ELEKTRONIK', NULL, NULL, 5, 359),
(362, 'E.1.2.1.3', 'PENGADMINISTRASI LAYANAN PENGADAAN SECARA ELEKTRONIK', NULL, NULL, 5, 359),
(363, 'E.1.2.1.4', 'PERANCANG KEBIJAKAN PENGADAAN BARANG DAN JASA', NULL, NULL, 5, 359),
(364, 'E.1.2.1.5', 'PENGOLAH DATA', NULL, NULL, 5, 359),
(365, 'E.1.2.1.6', 'PENGOLAH DATA', NULL, NULL, 5, 359),
(366, 'E.1.2.1.7', 'PENELAAH KEBIJAKAN PENGADAAN BARANG DAN JASA', NULL, NULL, 5, 359),
(367, 'E.1.2.1.8', 'ANALIS SISTEM INFORMASI', NULL, NULL, 5, 359),
(368, 'E.1.2.1.9', 'PENGADMINISTRASI LAYANAN PENGADAAN SECARA ELEKTRONIK', NULL, NULL, 5, 359),
(369, 'E.1.2.1.10', 'PENGELOLA LAYANAN PENGADAAN SECARA ELEKTRONIK', NULL, NULL, 5, 359),
(370, 'E.1.2.1.11', 'PENGADMINISTRASI LAYANAN PENGADAAN SECARA ELEKTRONIK', NULL, NULL, 5, 359),
(371, 'E.1.2.1.12', 'ANALIS DATA DAN INFORMASI', NULL, NULL, 5, 359),
(372, 'E.1.2.1.13', 'PENELAAH KEBIJAKAN PENGADAAN BARANG DAN JASA', NULL, NULL, 5, 359),
(373, 'E.1.2.1.14', 'PRANATA BARANG DAN JASA', NULL, NULL, 5, 359),
(374, 'E.1.2.1.15', 'PENGOLAH DATA', NULL, NULL, 5, 359),
(375, 'E.1.3', 'KEPALA BAGIAN PEMBINAAN DAN ADVOKASI PENGADAAN BARANG/JASA', NULL, NULL, 5, 326),
(376, 'E.1.3.1.17', 'PENGADMINISTRASI UMUM', NULL, NULL, 5, 375),
(377, 'E.1.3.1.18', 'ANALIS SUMBER DAYA MANUSIA APARATUR', NULL, NULL, 5, 375),
(378, 'E.1.3.1.19', 'PENYUSUN BAHAN KEBIJAKAN', NULL, NULL, 5, 375),
(379, 'E.1.3.1.20', 'PENGOLAH DATA', NULL, NULL, 5, 375),
(380, 'E.1.3.1.21', 'PENGADMINISTRASI UMUM', NULL, NULL, 5, 375),
(381, 'E.1.3.1.22', 'ANALIS ADVOKASI HUKUM', NULL, NULL, 5, 375),
(382, 'E.1.3.1.23', 'PRANATA BARANG DAN JASA', NULL, NULL, 5, 375),
(383, 'E.1.3.1.24', 'PENGELOLA DATA', NULL, NULL, 5, 375),
(384, 'E.1.3.1', 'KEPALA SUB BAGIAN PERENCANAAN, KEUANGAN DAN PENGENDALIAN', NULL, NULL, 5, 375),
(385, 'E.1.3.1.1', 'PENGADMINISTRASI UMUM', NULL, NULL, 5, 384),
(386, 'E.1.3.1.2', 'BENDAHARA', NULL, NULL, 5, 384),
(387, 'E.1.3.1.3', 'PENGELOLA KEGIATAN DAN ANGGARAN', NULL, NULL, 5, 384),
(388, 'E.1.3.1.4', 'PENYUSUN PROGRAM ANGGARAN DAN PELAPORAN', NULL, NULL, 5, 384),
(389, 'E.1.3.1.5', 'PENGELOLA BARANG MILIK NEGARA', NULL, NULL, 5, 384),
(390, 'E.1.3.1.6', 'VERIFIKATOR KEUANGAN', NULL, NULL, 5, 384),
(391, 'E.1.3.1.7', 'PENGELOLA AKUNTANSI', NULL, NULL, 5, 384),
(392, 'E.1.3.1.8', 'PENGOLAH DATA APLIKASI DAN PENGELOLAAN DATA SISTEM KEUANGAN', NULL, NULL, 5, 384),
(393, 'E.1.3.1.9', 'PENGADMINISTRASI KEPEGAWAIAN', NULL, NULL, 5, 384),
(394, 'E.1.3.1.10', 'PENGELOLA KEPEGAWAIAN', NULL, NULL, 5, 384),
(395, 'E.1.3.1.11', 'PENGADMINISTRASI KEUANGAN', NULL, NULL, 5, 384),
(396, 'E.1.3.1.12', 'PRAMU BAKTI', NULL, NULL, 5, 384),
(397, 'E.1.3.1.13', 'PENGOLAH BAHAN INFORMASI DAN PUBLIKASI', NULL, NULL, 5, 384),
(398, 'E.1.3.1.14', 'PENGELOLA KEUANGAN', NULL, NULL, 5, 384),
(399, 'E.1.3.1.15', 'SEKRETARIS', NULL, NULL, 5, 384),
(400, 'E.1.3.1.16', 'ANALIS SUMBER DAYA MANUSIA APARATUR', NULL, NULL, 5, 384),
(401, 'F.1', 'KEPALA BIRO PEMERINTAHAN DAN KESEJAHTERAAN RAKYAT', NULL, NULL, 6, NULL),
(402, 'F.1.2', 'ARSIPARIS MUDA', NULL, NULL, 6, 401),
(403, 'F.1.3', 'ARSIPARIS PERTAMA', NULL, NULL, 6, 401),
(404, 'F.1.4', 'ARSIPARIS PELAKSANA', NULL, NULL, 6, 401),
(405, 'F.1.5', 'ARSIPARIS PELAKSANA LANJUTAN', NULL, NULL, 6, 401),
(406, 'F.1.6', 'ARSIPARIS PENYELIA', NULL, NULL, 6, 401),
(407, 'F.1.7', 'PENGELOLA ADMINISTRASI PEMERINTAHAN', NULL, NULL, 6, 401),
(408, 'F.1.8', 'ANALIS PEMERINTAHAN UMUM DAN OTONOMI DAERAH', NULL, NULL, 6, 401),
(409, 'F.1.9', 'PENYUSUN BAHAN KEBIJAKAN', NULL, NULL, 6, 401),
(410, 'F.1.10', 'PENGADMINISTRASI UMUM', NULL, NULL, 6, 401),
(411, 'F.1.11', 'PENGELOLA PENYELENGGARAAN OTONOMI DAERAH', NULL, NULL, 6, 401),
(412, 'F.1.12', 'PENGADMINISTRASI UMUM', NULL, NULL, 6, 401),
(413, 'F.1.13', 'ANALIS PENGEMBANGAN WILAYAH', NULL, NULL, 6, 401),
(414, 'F.1.14', 'ANALIS PENATAAN DAERAH', NULL, NULL, 6, 401),
(415, 'F.1.15', 'ANALIS PEMERINTAHAN UMUM DAN OTONOMI DAERAH', NULL, NULL, 6, 401),
(416, 'F.1.16', 'PENYUSUN BAHAN KEBIJAKAN', NULL, NULL, 6, 401),
(417, 'F.1.17', 'PENGADMINISTRASI OTONOMI DAERAH', NULL, NULL, 6, 401),
(418, 'F.1.18', 'PENGELOLA LAPORAN PENYELENGGARAAN PEMERINTAHAN DAERAH', NULL, NULL, 6, 401),
(419, 'F.1.19', 'ANALIS PEMERINTAHAN UMUM DAN OTONOMI DAERAH', NULL, NULL, 6, 401),
(420, 'F.1.20', 'PENGADMINISTRASI UMUM', NULL, NULL, 6, 401),
(421, 'F.1.21', 'PRANATA TEKNOLOGI INFORMASI KOMPUTER', NULL, NULL, 6, 401),
(422, 'F.1.22', 'PENGOLAH DATA', NULL, NULL, 6, 401),
(423, 'F.1.23', 'ANALIS MONITORING, EVALUSI DAN PELAPORAN', NULL, NULL, 6, 401),
(424, 'F.1.24', 'PENYUSUN BAHAN KEBIJAKAN', NULL, NULL, 6, 401),
(425, 'F.1.25', 'PENGELOLA KEMASYARAKATAN SPIRITUAL', NULL, NULL, 6, 401),
(426, 'F.1.26', 'PENGADMINISTRASI UMUM', NULL, NULL, 6, 401),
(427, 'F.1.27', 'PENGELOLA KEGIATAN HARI BESAR KEAGAMAAN', NULL, NULL, 6, 401),
(428, 'F.1.28', 'PENYUSUN BAHAN KEBIJAKAN', NULL, NULL, 6, 401),
(429, 'F.1.29', 'PENGELOLA BANTUAN SOSIAL DAN HIBAH', NULL, NULL, 6, 401),
(430, 'F.1.30', 'PENGOLAH DATA', NULL, NULL, 6, 401),
(431, 'F.1.31', 'ANALIS PELAYANAN', NULL, NULL, 6, 401),
(432, 'F.1.32', 'PENGADMINISTRASI UMUM', NULL, NULL, 6, 401),
(433, 'F.1.33', 'PENGELOLA PEMBERDAYAAN, PERLINDUNGAN PEREMPUAN DAN ANAK', NULL, NULL, 6, 401),
(434, 'F.1.34', 'PENYUSUN BAHAN KEBIJAKAN', NULL, NULL, 6, 401),
(435, 'F.1.35', 'PENGOLAH DATA', NULL, NULL, 6, 401),
(436, 'F.1.36', 'PRANATA KETRANSMIGRASIAN', NULL, NULL, 6, 401),
(437, 'F.1.37', 'PENGOLAH DATA', NULL, NULL, 6, 401),
(438, 'F.1.38', 'PENYUSUN BAHAN KEBIJAKAN', NULL, NULL, 6, 401),
(439, 'F.1.39', 'ANALIS PELAYANAN', NULL, NULL, 6, 401),
(440, 'F.1.40', 'PENGADMINISTRASI UMUM', NULL, NULL, 6, 401),
(441, 'F.1.41', 'ANALIS KEBIJAKAN', NULL, NULL, 6, 401),
(442, 'F.1.42', 'ANALIS KEBIJAKAN', NULL, NULL, 6, 401),
(443, 'F.1.43', 'ANALIS KEBIJAKAN', NULL, NULL, 6, 401),
(444, 'F.1.44', 'ANALIS KEBIJAKAN', NULL, NULL, 6, 401),
(445, 'F.1.45', 'ANALIS KEBIJAKAN', NULL, NULL, 6, 401),
(446, 'F.1.46', 'ANALIS KEBIJAKAN', NULL, NULL, 6, 401),
(447, 'F.1.47', 'ANALIS KEBIJAKAN', NULL, NULL, 6, 401),
(448, 'F.1.48', 'ANALIS KEBIJAKAN', NULL, NULL, 6, 401),
(449, 'F.1.49', 'ANALIS KEBIJAKAN', NULL, NULL, 6, 401),
(450, 'F.1.50', 'ANALIS KEBIJAKAN', NULL, NULL, 6, 401),
(451, 'F.1.1', 'KEPALA BAGIAN PEMERINTAHAN, OTONOMI DAERAH DAN KESEJAHTERAAN RAKYAT', NULL, NULL, 6, 401),
(452, 'F.1.1.1.15', 'ANALISIS PEMERINTAHAN UMUM DAN OTONOMI DAERAH', NULL, NULL, 6, 451),
(453, 'F.1.1.1.16', 'PENGADMINISTRASI UMUM', NULL, NULL, 6, 451),
(454, 'F.1.1.1.17', 'ANALIS BATAS WILAYAH', NULL, NULL, 6, 451),
(455, 'F.1.1.1.18', 'PENGELOLA TOPONIMI', NULL, NULL, 6, 451),
(456, 'F.1.1.1.19', 'PENGELOLA ADMINISTRASI PEMERINTAHAN', NULL, NULL, 6, 451),
(457, 'F.1.1.1.20', 'PENGELOLA SISTEM INFORMASI GEOGRAFIS', NULL, NULL, 6, 451),
(458, 'F.1.1.1.21', 'PENGELOLA LAPORAN PENYELENGGARAAN PEMERINTAHAN DAERAH', NULL, NULL, 6, 451),
(459, 'F.1.1.1.22', 'PENGADMINISTRASI BATAS WILAYAH', NULL, NULL, 6, 451),
(460, 'F.1.1.1.23', 'PENYUSUN BAHAN KEBIJAKAN', NULL, NULL, 6, 451),
(461, 'F.1.1.1.24', 'PENGELOLA BATAS WILAYAH, RUPABUMI DAN PATEN', NULL, NULL, 6, 451),
(462, 'F.1.1.1.25', 'PENGELOLA ADMINISTRASI KERJASAMA LUAR NEGERI', NULL, NULL, 6, 451),
(463, 'F.1.1.1.26', 'ANALIS PERENCANAAN DAN KERJASAMA', NULL, NULL, 6, 451),
(464, 'F.1.1.1.27', 'PENGADMINISTRASI UMUM', NULL, NULL, 6, 451),
(465, 'F.1.1.1.28', 'ANALIS RANCANGAN NASKAH PERJANJIAN', NULL, NULL, 6, 451),
(466, 'F.1.1.1.29', 'PENYUSUN PROGRAM KELEMBAGAAN DAN KERJASAMA', NULL, NULL, 6, 451),
(467, 'F.1.1.1.30', 'PENYUSUN RENCANA KERJASAMA KELEMBAGAAN', NULL, NULL, 6, 451),
(468, 'F.1.1.1.31', 'PENGELOLA INFORMASI KERJASAMA', NULL, NULL, 6, 451),
(469, 'F.1.1.1.32', 'PENGELOLA TERJEMAHAN DAN KERJASAMA', NULL, NULL, 6, 451),
(470, 'F.1.1.1.33', 'PENGELOLA PENYELENGGARAAN OTONOMI DAERAH', NULL, NULL, 6, 451),
(471, 'F.1.1.1.34', 'PENGELOLA ADMINISTRASI PEMERINTAHAN', NULL, NULL, 6, 451),
(472, 'F.1.1.1.35', 'PENGADMINISTRASI PROGRAM DAN KERJASAMA', NULL, NULL, 6, 451),
(473, 'F.1.1.1.36', 'PENYUSUN BAHAN KEBIJAKAN', NULL, NULL, 6, 451),
(474, 'F.1.1.1', 'KEPALA SUB BAGIAN TATA USAHA', NULL, NULL, 6, 451),
(475, 'F.1.1.1.1', 'PENGELOLA BARANG MILIK NEGARA', NULL, NULL, 6, 474),
(476, 'F.1.1.1.2', 'PENGADMINISTRASI KEPEGAWAIAN', NULL, NULL, 6, 474),
(477, 'F.1.1.1.3', 'PENYUSUN PROGRAM ANGGARAN DAN PELAPORAN', NULL, NULL, 6, 474),
(478, 'F.1.1.1.4', 'VERIFIKATOR KEUANGAN', NULL, NULL, 6, 474),
(479, 'F.1.1.1.5', 'PENGELOLA AKUNTANSI', NULL, NULL, 6, 474),
(480, 'F.1.1.1.6', 'PENGELOLA KEGIATAN DAN ANGGARAN', NULL, NULL, 6, 474),
(481, 'F.1.1.1.7', 'PENGOLAH DATA APLIKASI DAN PENGELOLAAN DATA SISTEM KEUANGAN', NULL, NULL, 6, 474),
(482, 'F.1.1.1.8', 'PENGADMINISTRASI KEUANGAN', NULL, NULL, 6, 474),
(483, 'F.1.1.1.9', 'PENGADMINISTRASI UMUM', NULL, NULL, 6, 474),
(484, 'F.1.1.1.10', 'SEKRETARIS', NULL, NULL, 6, 474),
(485, 'F.1.1.1.11', 'PENGELOLA KEPEGAWAIAN', NULL, NULL, 6, 474),
(486, 'F.1.1.1.12', 'PENGELOLA KEUANGAN', NULL, NULL, 6, 474),
(487, 'F.1.1.1.13', 'BENDAHARA', NULL, NULL, 6, 474),
(488, 'F.1.1.1.14', 'PENGOLAH BAHAN INFORMASI DAN PUBLIKASI', NULL, NULL, 6, 474),
(489, 'G.1', 'KEPALA BIRO HUKUM', NULL, NULL, 7, NULL),
(490, 'G.1.3', 'PERANCANG PERATURAN PERUNDANG-UNDANGAN PERTAMA', NULL, NULL, 7, 489),
(491, 'G.1.4', 'ARSIPARIS MUDA', NULL, NULL, 7, 489),
(492, 'G.1.5', 'ARSIPARIS PELAKSANA', NULL, NULL, 7, 489),
(493, 'G.1.6', 'ARSIPARIS PELAKSANA LANJUTAN', NULL, NULL, 7, 489),
(494, 'G.1.7', 'ARSIPARIS PENYELIA', NULL, NULL, 7, 489),
(495, 'G.1.8', 'ARSIPARIS PERTAMA', NULL, NULL, 7, 489),
(496, 'G.1.9', 'PERANCANG PERATURAN PERUNDANG-UNDANGAN MUDA', NULL, NULL, 7, 489),
(497, 'G.1.10', 'PERANCANG PERATURAN PERUNDANG-UNDANGAN MADYA', NULL, NULL, 7, 489),
(498, 'G.1.11', 'ANALIS KEBIJAKAN', NULL, NULL, 7, 489),
(499, 'G.1.12', 'ANALIS KEBIJAKAN', NULL, NULL, 7, 489),
(500, 'G.1.13', 'ANALIS KEBIJAKAN', NULL, NULL, 7, 489),
(501, 'G.1.14', 'ANALIS KEBIJAKAN', NULL, NULL, 7, 489),
(502, 'G.1.15', 'ANALIS KEBIJAKAN', NULL, NULL, 7, 489),
(503, 'G.1.16', 'ANALIS KEBIJAKAN', NULL, NULL, 7, 489),
(504, 'G.1.17', 'ANALIS KEBIJAKAN', NULL, NULL, 7, 489),
(505, 'G.1.18', 'ANALIS KEBIJAKAN', NULL, NULL, 7, 489),
(506, 'G.1.19', 'ANALIS KEBIJAKAN', NULL, NULL, 7, 489),
(507, 'G.1.1', 'KEPALA BAGIAN PERATURAN PERUNDANG-UNDANGAN', NULL, NULL, 7, 489),
(508, 'G.1.1.1.1', 'ANALIS PRODUK HUKUM', NULL, NULL, 7, 507),
(509, 'G.1.1.1.2', 'PENGADMINISTRASI HUKUM', NULL, NULL, 7, 507),
(510, 'G.1.1.1.3', 'PENGADMINISTRASI UMUM', NULL, NULL, 7, 507),
(511, 'G.1.1.1.4', 'ANALIS PERATURAN PERUNDANG-UNDANGAN DAN RANCANGAN PERATURAN PERUNDANG-UNDANGAN', NULL, NULL, 7, 507),
(512, 'G.1.1.1.5', 'PENGELOLA PENGKAJIAN DAN PENELAAHAN HUKUM', NULL, NULL, 7, 507),
(513, 'G.1.1.1.6', 'ANALIS LEGISLASI', NULL, NULL, 7, 507),
(514, 'G.1.1.1.7', 'ANALIS PERATURAN ADMINISTRASI', NULL, NULL, 7, 507),
(515, 'G.1.1.1.8', 'ANALIS PERATURAN PERUNDANG-UNDANGAN DAN RANCANGAN PERATURAN PERUNDANG-UNDANGAN', NULL, NULL, 7, 507),
(516, 'G.1.1.1.9', 'PENGADMINISTRASI DATA PERATURAN PERUNDANG-UNDANGAN', NULL, NULL, 7, 507),
(517, 'G.1.1.1.10', 'ANALIS PRODUK HUKUM', NULL, NULL, 7, 507),
(518, 'G.1.1.1.11', 'PENGADMINISTRASI UMUM', NULL, NULL, 7, 507),
(519, 'G.1.1.1.12', 'ANALIS PERATURAN ADMINISTRASI', NULL, NULL, 7, 507),
(520, 'G.1.1.1.13', 'PENGELOLA PERATURAN PERUNDANG-UNDANGAN', NULL, NULL, 7, 507),
(521, 'G.1.1.1.14', 'PENGADMINISTRASI UMUM', NULL, NULL, 7, 507),
(522, 'G.1.1.1.15', 'ANALIS PERATURAN PERUNDANG-UNDANGAN DAN RANCANGAN PERATURAN PERUNDANG-UNDANGAN', NULL, NULL, 7, 507),
(523, 'G.1.1.1.16', 'ANALIS PERATURAN ADMINISTRASI', NULL, NULL, 7, 507),
(524, 'G.1.1.1.17', 'PENGELOLA PERATURAN PERUNDANG-UNDANGAN', NULL, NULL, 7, 507),
(525, 'G.1.1.1.18', 'PENGADMINISTRASI DATA PERATURAN PERUNDANG-UNDANGAN', NULL, NULL, 7, 507),
(526, 'G.1.1.1.19', 'ANALIS PRODUK HUKUM', NULL, NULL, 7, 507),
(527, 'G.1.1.1.20', 'ANALIS PRODUK HUKUM', NULL, NULL, 7, 507),
(528, 'G.1.1.1.21', 'ANALIS PERATURAN ADMINISTRASI', NULL, NULL, 7, 507),
(529, 'G.1.1.1.22', 'ANALIS LEGISLASI', NULL, NULL, 7, 507),
(530, 'G.1.1.1.23', 'ANALIS PERATURAN PERUNDANG-UNDANGAN DAN RANCANGAN PERATURAN PERUNDANG-UNDANGAN', NULL, NULL, 7, 507),
(531, 'G.1.1.1.24', 'PENGELOLA PERATURAN PERUNDANG-UNDANGAN', NULL, NULL, 7, 507),
(532, 'G.1.1.1.25', 'PENGADMINISTRASI DATA PERATURAN PERUNDANG-UNDANGAN', NULL, NULL, 7, 507),
(533, 'G.1.1.1.26', 'PENGADMINISTRASI UMUM', NULL, NULL, 7, 507),
(534, 'G.1.1.1.27', 'ANALIS PRODUK HUKUM', NULL, NULL, 7, 507),
(535, 'G.1.1.1.28', 'ANALIS PERATURAN ADMINISTRASI', NULL, NULL, 7, 507),
(536, 'G.1.1.1.29', 'ANALIS LEGISLASI', NULL, NULL, 7, 507),
(537, 'G.1.1.1.30', 'ANALIS PERATURAN PERUNDANG-UNDANGAN DAN RANCANGAN PERATURAN PERUNDANG-UNDANGAN', NULL, NULL, 7, 507),
(538, 'G.1.1.1.31', 'PENGELOLA PERATURAN PERUNDANG-UNDANGAN', NULL, NULL, 7, 507),
(539, 'G.1.1.1.32', 'PENGADMINISTRASI DATA PERATURAN PERUNDANG-UNDANGAN', NULL, NULL, 7, 507),
(540, 'G.1.1.1.33', 'PENGADMINISTRASI UMUM', NULL, NULL, 7, 507),
(541, 'G.1.2', 'KEPALA BAGIAN BANTUAN HUKUM DAN HAM', NULL, NULL, 7, 489),
(542, 'G.1.2.1.16', 'PENGADMINISTRASI UMUM', NULL, NULL, 7, 541),
(543, 'G.1.2.1.17', 'ANALIS ADVOKASI HUKUM', NULL, NULL, 7, 541),
(544, 'G.1.2.1.18', 'ANALIS HUKUM', NULL, NULL, 7, 541),
(545, 'G.1.2.1.19', 'PENGELOLA PERKARA', NULL, NULL, 7, 541),
(546, 'G.1.2.1.20', 'ANALIS PERMASALAHAN HUKUM', NULL, NULL, 7, 541),
(547, 'G.1.2.1.21', 'PENYUSUN BAHAN BANTUAN HUKUM', NULL, NULL, 7, 541),
(548, 'G.1.2.1.22', 'PENGELOLA BANTUAN HUKUM', NULL, NULL, 7, 541),
(549, 'G.1.2.1.23', 'PENGADMINISTRASI UMUM', NULL, NULL, 7, 541),
(550, 'G.1.2.1.24', 'ANALIS HUKUM', NULL, NULL, 7, 541),
(551, 'G.1.2.1.25', 'PENYULUH HAK ASASI MANUSIA', NULL, NULL, 7, 541),
(552, 'G.1.2.1.26', 'PENYUSUN BAHAN PENYULUHAN HUKUM', NULL, NULL, 7, 541),
(553, 'G.1.2.1.27', 'PENGELOLA LAYANAN HUKUM', NULL, NULL, 7, 541),
(554, 'G.1.2.1.28', 'PENGOLAH DATA', NULL, NULL, 7, 541),
(555, 'G.1.2.1.29', 'PENGADMINISTRASI UMUM', NULL, NULL, 7, 541),
(556, 'G.1.2.1.30', 'PENYUSUN BAHAN INFORMASI DAN PUBLIKASI', NULL, NULL, 7, 541),
(557, 'G.1.2.1.31', 'PENGELOLA DOKUMEN DAN INFORMASI HUKUM', NULL, NULL, 7, 541),
(558, 'G.1.2.1.32', 'ANALIS PERATURAN PERUNDANG-UNDANGAN DAN RANCANGAN PERATURAN PERUNDANG-UNDANGAN', NULL, NULL, 7, 541),
(559, 'G.1.2.1.33', 'PENGOLAH DATA', NULL, NULL, 7, 541),
(560, 'G.1.2.1.34', 'ANALIS SISTEM INFORMASI', NULL, NULL, 7, 541),
(561, 'G.1.2.1', 'KEPALA SUB BAGIAN TATA USAHA', NULL, NULL, 7, 541),
(562, 'G.1.2.1.1', 'VERIFIKITOR KEUANGAN', NULL, NULL, 7, 561),
(563, 'G.1.2.1.2', 'PENGELOLA AKUNTANSI', NULL, NULL, 7, 561),
(564, 'G.1.2.1.3', 'PENGADMINISTRASI KEPEGAWAIAN', NULL, NULL, 7, 561),
(565, 'G.1.2.1.4', 'PENGELOLA KEGIATAN DAN ANGGARAN', NULL, NULL, 7, 561),
(566, 'G.1.2.1.5', 'SEKRETARIS', NULL, NULL, 7, 561),
(567, 'G.1.2.1.6', 'PENGADMINISTRASI UMUM', NULL, NULL, 7, 561),
(568, 'G.1.2.1.7', 'PENGOLAH DATA APLIKASI DAN PENGELOLAAN DATA SISTEM KEUANGAN', NULL, NULL, 7, 561),
(569, 'G.1.2.1.8', 'BENDAHARA', NULL, NULL, 7, 561),
(570, 'G.1.2.1.9', 'PENGELOLA BARANG MILIK NEGARA', NULL, NULL, 7, 561),
(571, 'G.1.2.1.10', 'PENYUSUN PROGRAM ANGGARAN DAN PELAPORAN', NULL, NULL, 7, 561),
(572, 'G.1.2.1.11', 'PENGADMINISTRASI KEUANGAN', NULL, NULL, 7, 561),
(573, 'G.1.2.1.12', 'PENGOLAH BAHAN INFORMASI DAN PUBLIKASI', NULL, NULL, 7, 561),
(574, 'G.1.2.1.13', 'PENGELOLA KEPEGAWAIAN', NULL, NULL, 7, 561),
(575, 'G.1.2.1.14', 'PENGELOLA KEUANGAN', NULL, NULL, 7, 561),
(576, 'G.1.2.1.15', 'PRAMUBAKTI', NULL, NULL, 7, 561),
(577, 'H.1', 'SEKRETARIS DPRD', NULL, NULL, 8, NULL),
(578, 'H.1.5', 'ARSIPARIS PELAKSANA', NULL, NULL, 8, 577),
(579, 'H.1.6', 'ARSIPARIS PELAKSANA LANJUTAN', NULL, NULL, 8, 577),
(580, 'H.1.7', 'ARSIPARIS PENYELIA', NULL, NULL, 8, 577),
(581, 'H.1.8', 'ARSIPARIS MUDA', NULL, NULL, 8, 577),
(582, 'H.1.9', 'ARSIPARIS PERTAMA', NULL, NULL, 8, 577),
(583, 'H.1.10', 'ANALIS KEBIJAKAN', NULL, NULL, 8, 577),
(584, 'H.1.11', 'ANALIS KEBIJAKAN', NULL, NULL, 8, 577),
(585, 'H.1.12', 'ANALIS KEBIJAKAN', NULL, NULL, 8, 577),
(586, 'H.1.13', 'ANALIS KEBIJAKAN', NULL, NULL, 8, 577),
(587, 'H.1.14', 'ANALIS KEBIJAKAN', NULL, NULL, 8, 577),
(588, 'H.1.15', 'ANALIS KEBIJAKAN', NULL, NULL, 8, 577),
(589, 'H.1.16', 'ANALIS KEBIJAKAN', NULL, NULL, 8, 577),
(590, 'H.1.17', 'ANALIS KEBIJAKAN', NULL, NULL, 8, 577),
(591, 'H.1.18', 'ANALIS KEBIJAKAN', NULL, NULL, 8, 577),
(592, 'H.1.19', 'ANALIS KEBIJAKAN', NULL, NULL, 8, 577),
(593, 'H.1.20', 'ANALIS KEBIJAKAN', NULL, NULL, 8, 577),
(594, 'H.1.1', 'KEPALA BAGIAN PERSIDANGAN, ASPIRASI DAN HUMAS', NULL, NULL, 8, 577),
(595, 'H.1.1.1.1', 'PRANATA FOTOGRAFI', NULL, NULL, 8, 594),
(596, 'H.1.1.1.2', 'ANALIS HUMAS DAN PROTOKOL', NULL, NULL, 8, 594),
(597, 'H.1.1.1.3', 'PRANATA ACARA', NULL, NULL, 8, 594),
(598, 'H.1.1.1.4', 'PETUGAS PROTOKOL', NULL, NULL, 8, 594),
(599, 'H.1.1.1.5', 'PENGADMINISTRASI UMUM', NULL, NULL, 8, 594),
(600, 'H.1.1.1.6', 'TENAGA PELIPUTAN', NULL, NULL, 8, 594),
(601, 'H.1.1.1.7', 'PENGOLAH DATA', NULL, NULL, 8, 594),
(602, 'H.1.1.1.8', 'PENYUSUN BAHAN INFORMASI DAN PUBLIKASI', NULL, NULL, 8, 594),
(603, 'H.1.1.1.9', 'PRANATA FOTOGRAFI', NULL, NULL, 8, 594),
(604, 'H.1.1.1.10', 'PENGELOLA DOKUMENTASI', NULL, NULL, 8, 594),
(605, 'H.1.1.1.11', 'PENGADMINISTRASI UMUM', NULL, NULL, 8, 594),
(606, 'H.1.1.1.12', 'ANALIS PUBLIKASI', NULL, NULL, 8, 594),
(607, 'H.1.1.1.13', 'ANALIS INFORMASI', NULL, NULL, 8, 594),
(608, 'H.1.1.1.14', 'PENGOLAH DATA', NULL, NULL, 8, 594),
(609, 'H.1.1.1.15', 'PENGELOLA DATA LAYANAN INFORMASI DAN EDUKASI PUBLIK', NULL, NULL, 8, 594),
(610, 'H.1.1.1.16', 'PENGELOLA PENGABDIAN KEPADA MASYARAKAT', NULL, NULL, 8, 594),
(611, 'H.1.1.1.17', 'ANALIS PENGADUAN MASYARAKAT', NULL, NULL, 8, 594),
(612, 'H.1.1.1.18', 'PENGADMINISTRASI UMUM', NULL, NULL, 8, 594),
(613, 'H.1.1.1.19', 'NOTULIS RAPAT', NULL, NULL, 8, 594),
(614, 'H.1.1.1.20', 'PENGELOLA PENGADUAN PUBLIK', NULL, NULL, 8, 594),
(615, 'H.1.1.1.21', 'PENGADMINISTRASI RISALAH', NULL, NULL, 8, 594),
(616, 'H.1.1.1.22', 'PENGOLAH DATA', NULL, NULL, 8, 594),
(617, 'H.1.2', 'KEPALA BAGIAN PROGRAM DAN KEUANGAN', NULL, NULL, 8, 577),
(618, 'H.1.2.1.1', 'PENGADMINISTRASI PERENCANAAN DAN PROGRAM', NULL, NULL, 8, 617),
(619, 'H.1.2.1.2', 'PENGELOLA BAHAN PERENCANAAN', NULL, NULL, 8, 617),
(620, 'H.1.2.1.3', 'PENYUSUN PROGRAM ANGGARAN DAN PELAPORAN', NULL, NULL, 8, 617),
(621, 'H.1.2.1.4', 'ANALIS RENCANA PROGRAM DAN KEGIATAN', NULL, NULL, 8, 617),
(622, 'H.1.2.1.5', 'PENGELOLA PELAPORAN DAN EVALUASI PELAKSANAAN KEGIATAN APBD', NULL, NULL, 8, 617),
(623, 'H.1.2.1.6', 'VERIFIKATOR KEUANGAN', NULL, NULL, 8, 617),
(624, 'H.1.2.1.7', 'PENGOLAH DATA', NULL, NULL, 8, 617),
(625, 'H.1.2.1.8', 'PENGADMINISTRASI UMUM', NULL, NULL, 8, 617),
(626, 'H.1.2.1.9', 'PENGELOLA AKUNTANSI', NULL, NULL, 8, 617),
(627, 'H.1.2.1.10', 'PENGOLAH DATA APLIKASI DAN PENGELOLAAN DATA SISTEM KEUANGAN', NULL, NULL, 8, 617),
(628, 'H.1.2.1.11', 'BENDAHARA', NULL, NULL, 8, 617),
(629, 'H.1.2.1.12', 'PENGELOLA GAJI', NULL, NULL, 8, 617),
(630, 'H.1.2.1.13', 'PENGADMINISTRASI KEUANGAN', NULL, NULL, 8, 617),
(631, 'H.1.2.1.14', 'PENGADMINISTRASI PAJAK', NULL, NULL, 8, 617),
(632, 'H.1.3', 'KEPALA BAGIAN PERUNDANG-UNDANGAN, FASILITASI ANGGARAN DAN PENGAWASAN', NULL, NULL, 8, 577),
(633, 'H.1.3.1.1', 'SEKRETARIS', NULL, NULL, 8, 632),
(634, 'H.1.3.1.2', 'PENGADMINISTRASI UMUM', NULL, NULL, 8, 632),
(635, 'H.1.3.1.3', 'AJUDAN', NULL, NULL, 8, 632),
(636, 'H.1.3.1.4', 'PENGOLAH DATA', NULL, NULL, 8, 632),
(637, 'H.1.3.1.5', 'NOTULIS RAPAT', NULL, NULL, 8, 632),
(638, 'H.1.3.1.6', 'PENYUSUN NASKAH RAPAT PIMPINAN', NULL, NULL, 8, 632),
(639, 'H.1.3.1.7', 'PENGADMINISTRASI RISALAH', NULL, NULL, 8, 632),
(640, 'H.1.3.1.8', 'PENGELOLA DOKUMEN DAN INFORMASI HUKUM', NULL, NULL, 8, 632),
(641, 'H.1.3.1.9', 'PENGELOLA PERATURAN PERUNDANG-UNDANGAN', NULL, NULL, 8, 632),
(642, 'H.1.3.1.10', 'ANALIS PRODUK HUKUM', NULL, NULL, 8, 632),
(643, 'H.1.3.1.11', 'PENGADMINISTRASI UMUM', NULL, NULL, 8, 632),
(644, 'H.1.3.1.12', 'PENGOLAH DATA', NULL, NULL, 8, 632),
(645, 'H.1.3.1.13', 'PENYUSUN RANCANGAN PERUNDANG-UNDANGAN', NULL, NULL, 8, 632),
(646, 'H.1.3.1.14', 'PENGADMINISTRASI UMUM', NULL, NULL, 8, 632),
(647, 'H.1.3.1.15', 'PENYUSUN RISALAH', NULL, NULL, 8, 632),
(648, 'H.1.3.1.16', 'PENGADMINISTRASI RAPAT', NULL, NULL, 8, 632),
(649, 'H.1.3.1.17', 'PENYUSUN NASKAH RAPAT PIMPINAN', NULL, NULL, 8, 632),
(650, 'H.1.3.1.18', 'PENGELOLA PERSIDANGAN', NULL, NULL, 8, 632),
(651, 'H.1.3.1.19', 'PENGOLAH DATA', NULL, NULL, 8, 632),
(652, 'H.1.4', 'KEPALA BAGIAN UMUM DAN KEPEGAWAIAN', NULL, NULL, 8, 577),
(653, 'H.1.4.1.11', 'PENGELOLA BARANG MILIK NEGARA', NULL, NULL, 8, 652),
(654, 'H.1.4.1.12', 'PRANATA BARANG DAN JASA', NULL, NULL, 8, 652),
(655, 'H.1.4.1.13', 'PENYUSUN RENCANA PENGADAAN SARANA DAN PRASARANA', NULL, NULL, 8, 652),
(656, 'H.1.4.1.14', 'PEMELIHARA SARANA DAN PRASARANA', NULL, NULL, 8, 652),
(657, 'H.1.4.1.15', 'PENGADMINISTRASI UMUM', NULL, NULL, 8, 652),
(658, 'H.1.4.1.16', 'PENGOLAH DATA', NULL, NULL, 8, 652),
(659, 'H.1.4.1.17', 'KOORDINATOR PERGUDANGAN', NULL, NULL, 8, 652),
(660, 'H.1.4.1.18', 'PENGEMUDI', NULL, NULL, 8, 652),
(661, 'H.1.4.1.19', 'PENGELOLA SARANA DAN PRASARANA RUMAH TANGGA DINAS', NULL, NULL, 8, 652),
(662, 'H.1.4.1.20', 'PETUGAS KEAMANAN', NULL, NULL, 8, 652),
(663, 'H.1.4.1.21', 'PENGADMINISTRASI UMUM', NULL, NULL, 8, 652),
(664, 'H.1.4.1.22', 'PENGOLAH DATA', NULL, NULL, 8, 652),
(665, 'H.1.4.1', 'KEPALA SUB BAGIAN TATA USAHA DAN KEPEGAWAIAN', NULL, NULL, 8, 652),
(666, 'H.1.4.1.1', 'PENGADMINISTRASI KEPEGAWAIAN', NULL, NULL, 8, 665),
(667, 'H.1.4.1.2', 'PENGADMINISTRASI UMUM', NULL, NULL, 8, 665),
(668, 'H.1.4.1.3', 'PENGELOLA KEGIATAN DAN ANGGARAN', NULL, NULL, 8, 665),
(669, 'H.1.4.1.4', 'PRANATA KEARSIPAN', NULL, NULL, 8, 665),
(670, 'H.1.4.1.5', 'PENGELOLA PERJALANAN DINAS', NULL, NULL, 8, 665),
(671, 'H.1.4.1.6', 'PRAMU TAMAN', NULL, NULL, 8, 665),
(672, 'H.1.4.1.7', 'PRAMU KEBERSIHAN', NULL, NULL, 8, 665),
(673, 'H.1.4.1.8', 'SEKRETARIS', NULL, NULL, 8, 665),
(674, 'H.1.4.1.9', 'PRAMU BAKTI', NULL, NULL, 8, 665),
(675, 'H.1.4.1.10', 'PENGELOLA PERPUSTAKAAN', NULL, NULL, 8, 665),
(676, 'I.1', 'INSPEKTUR', NULL, NULL, 9, NULL),
(677, 'I.1.6', 'ARSIPARIS PELAKSANA', NULL, NULL, 9, 676),
(678, 'I.1.7', 'ARSIPARIS PELAKSANA LANJUTAN', NULL, NULL, 9, NULL),
(679, 'I.1.8', 'ARSIPARIS PERTAMA', NULL, NULL, 9, NULL),
(680, 'I.1.9', 'ARSIPARIS MUDA', NULL, NULL, 9, NULL),
(681, 'I.1.10', 'ARSIPARIS PENYELIA', NULL, NULL, 9, NULL),
(682, 'I.1.1', 'SEKRETARIS', NULL, NULL, 9, 676),
(683, 'I.1.1.1', 'KEPALA SUB BAGIAN ANALISIS DAN EVALUASI', NULL, NULL, 9, 682),
(684, 'I.1.1.1.1', 'PENYUSUN PROGRAM ANGGARAN DAN PELAPORAN', NULL, NULL, 9, 683),
(685, 'I.1.1.1.2', 'PENYUSUN RENCANA KEGIATAN DAN ANGGARAN', NULL, NULL, 9, 683),
(686, 'I.1.1.1.3', 'PENGELOLA BAHAN PERENCANAAN', NULL, NULL, 9, 683),
(687, 'I.1.1.1.4', 'ANALIS RENCANA PROGRAM DAN KEGIATAN', NULL, NULL, 9, 683),
(688, 'I.1.1.1.5', 'PENGELOLA PELAPORAN DAN EVALUASI PELAKSANAAN KEGIATAN APBD', NULL, NULL, 9, 683),
(689, 'I.1.1.1.6', 'PENGOLAH DATA TINDAK LANJUT PEMERIKSAAN', NULL, NULL, 9, 683),
(690, 'I.1.1.1.7', 'PENGADMINISTRASI PERENCANAAN DAN PROGRAM', NULL, NULL, 9, 683),
(691, 'I.1.1.2', 'KEPALA SUB BAGIAN ADMINISTRASI UMUM DAN KEUANGAN', NULL, NULL, 9, 682),
(692, 'I.1.1.2.1', 'BENDAHARA', NULL, NULL, 9, 691),
(693, 'I.1.1.2.2', 'PENGADMINISTRASI KEUANGAN', NULL, NULL, 9, 691),
(694, 'I.1.1.2.3', 'VERIFIKATOR KEUANGAN', NULL, NULL, 9, 691),
(695, 'I.1.1.2.4', 'PENGADMINISTRASI PAJAK', NULL, NULL, 9, 691),
(696, 'I.1.1.2.5', 'PENGELOLA AKUNTANSI', NULL, NULL, 9, 691),
(697, 'I.1.1.2.6', 'PENGELOLA GAJI', NULL, NULL, 9, 691),
(698, 'I.1.1.2.7', 'PENGOLAH DATA APLIKASI DAN PENGELOLAAN DATA SISTEM KEUANGAN', NULL, NULL, 9, 691),
(699, 'I.1.1.3', 'KEPALA SUB BAGIAN PERENCANAAN', NULL, NULL, 9, 682),
(700, 'I.1.1.3.1', 'PENGADMINISTRASI KEPEGAWAIAN', NULL, NULL, 9, 699),
(701, 'I.1.1.3.2', 'PEMELIHARA SARANA DAN PRASARANA', NULL, NULL, 9, 699),
(702, 'I.1.1.3.3', 'PENGADMINISTRASI UMUM', NULL, NULL, 9, 699),
(703, 'I.1.1.3.4', 'PENGELOLA BARANG MILIK NEGARA', NULL, NULL, 9, 699),
(704, 'I.1.1.3.5', 'PENGELOLA KEGIATAN DAN ANGGARAN', NULL, NULL, 9, 699),
(705, 'I.1.1.3.6', 'PENGELOLA PERJALANAN DINAS', NULL, NULL, 9, 699),
(706, 'I.1.1.3.7', 'PENGELOLA DATA LAYANAN INFORMASI DAN EDUKASI PUBLIK', NULL, NULL, 9, 699),
(707, 'I.1.1.3.8', 'PRANATA KEARSIPAN', NULL, NULL, 9, 699),
(708, 'I.1.1.3.9', 'SEKRETARIS', NULL, NULL, 9, 699),
(709, 'I.1.1.3.10', 'PENGELOLA PERPUSTAKAAN', NULL, NULL, 9, 699),
(710, 'I.1.1.3.11', 'PRANATA BARANG DAN JASA', NULL, NULL, 9, 699),
(711, 'I.1.1.3.12', 'PENGEMUDI', NULL, NULL, 9, 699),
(712, 'I.1.1.3.13', 'PETUGAS KEAMANAN', NULL, NULL, 9, 699),
(713, 'I.1.1.3.14', 'PRAMU BAKTI', NULL, NULL, 9, 699),
(714, 'I.1.2', 'INSPEKTUR PEMBANTU WILAYAH I', NULL, NULL, 9, 676),
(715, 'I.1.2.1', 'AUDITOR AHLI MADYA', NULL, NULL, 9, 714),
(716, 'I.1.2.2', 'AUDITOR TERAMPIL PELAKSANA', NULL, NULL, 9, 714),
(717, 'I.1.2.3', 'AUDITOR TERAMPIL PELAKSANA LANJUTAN', NULL, NULL, 9, 714),
(718, 'I.1.2.4', 'AUDITOR AHLI PERTAMA', NULL, NULL, 9, 714),
(719, 'I.1.2.5', 'AUDITOR AHLI MUDA', NULL, NULL, 9, 714),
(720, 'I.1.2.6', 'AUDITOR AHLI UTAMA', NULL, NULL, 9, 714),
(721, 'I.1.2.7', 'AUDITOR PENYELIA', NULL, NULL, 9, 714),
(722, 'I.1.3', 'INSPEKTUR PEMBANTU WILAYAH II', NULL, NULL, 9, 676),
(723, 'I.1.3.1', 'AUDITOR TERAMPIL PELAKSANA', NULL, NULL, 9, 722),
(724, 'I.1.3.2', 'AUDITOR TERAMPIL PELAKSANA LANJUTAN', NULL, NULL, 9, 722),
(725, 'I.1.3.3', 'AUDITOR PENYELIA', NULL, NULL, 9, 722),
(726, 'I.1.3.4', 'AUDITOR AHLI PERTAMA', NULL, NULL, 9, 722),
(727, 'I.1.3.5', 'AUDITOR AHLI MUDA', NULL, NULL, 9, 722),
(728, 'I.1.3.6', 'AUDITOR AHLI MADYA', NULL, NULL, 9, 722),
(729, 'I.1.3.7', 'AUDITOR AHLI UTAMA', NULL, NULL, 9, 722),
(730, 'I.1.4', 'INSPEKTUR PEMBANTU WILAYAH III', NULL, NULL, 9, 676),
(731, 'I.1.4.1', 'AUDITOR TERAMPIL PELAKSANA', NULL, NULL, 9, 730),
(732, 'I.1.4.2', 'AUDITOR TERAMPIL PELAKSANA LANJUTAN', NULL, NULL, 9, 730),
(733, 'I.1.4.3', 'AUDITOR PENYELIA', NULL, NULL, 9, 730),
(734, 'I.1.4.4', 'AUDITOR AHLI PERTAMA', NULL, NULL, 9, 730),
(735, 'I.1.4.5', 'AUDITOR AHLI MUDA', NULL, NULL, 9, 730),
(736, 'I.1.4.6', 'AUDITOR AHLI MADYA', NULL, NULL, 9, 730),
(737, 'I.1.4.7', 'AUDITOR AHLI UTAMA', NULL, NULL, 9, 730),
(738, 'I.1.5', 'INSPEKTUR PEMBANTU WILAYAH IV', NULL, NULL, 9, 676),
(739, 'I.1.5.1', 'AUDITOR KEPEGAWAIAN PERTAMA', NULL, NULL, 9, 738),
(740, 'I.1.5.2', 'AUDITOR KEPEGAWAIAN MUDA', NULL, NULL, 9, 738),
(741, 'I.1.5.3', 'AUDITOR KEPEGAWAIAN MADYA', NULL, NULL, 9, 738),
(742, 'I.1.5.4', 'PENGAWAS PENYELENGGARA URUSAN PEMERINTAHAN (P2UPD) AHLI PERTAMA', NULL, NULL, 9, 738),
(743, 'I.1.5.5', 'PENGAWAS PENYELENGGARA URUSAN PEMERINTAHAN (P2UPD) AHLI MUDA', NULL, NULL, 9, 738),
(744, 'I.1.5.6', 'PENGAWAS PENYELENGGARA URUSAN PEMERINTAHAN (P2UPD) AHLI MADYA', NULL, NULL, 9, 738),
(745, 'I.1.5.7', 'PENGAWAS PENYELENGGARA URUSAN PEMERINTAHAN (P2UPD) AHLI UTAMA', NULL, NULL, 9, 738),
(746, 'J.1', 'KEPALA BADAN PERENCANAAN PEMBANGUNAN DAERAH', NULL, NULL, 10, NULL),
(747, 'J.1.7', 'PERENCANA AHLI MUDA', NULL, NULL, 10, 746),
(748, 'J.1.8', 'PERENCANA AHLI PERTAMA', NULL, NULL, 10, 746),
(749, 'J.1.9', 'PERENCANA AHLI MADYA', NULL, NULL, 10, 746),
(750, 'J.1.10', 'PERENCANA AHLI UTAMA', NULL, NULL, 10, 746),
(751, 'J.1.11', 'PENELITI PERTAMA', NULL, NULL, 10, 746),
(752, 'J.1.12', 'PENELITI MUDA', NULL, NULL, 10, 746),
(753, 'J.1.13', 'PENELITI MADYA', NULL, NULL, 10, 746),
(754, 'J.1.14', 'ANALIS KEBIJAKAN PERTAMA', NULL, NULL, 10, 746);
INSERT INTO `jabatan` (`id`, `kode`, `nama`, `ringkasan_tugas`, `id_jenis_jabatan`, `id_skpd`, `induk`) VALUES
(755, 'J.1.15', 'ANALIS KEBIJAKAN MUDA', NULL, NULL, 10, 746),
(756, 'J.1.16', 'ANALIS KEBIJAKAN MADYA', NULL, NULL, 10, 746),
(757, 'J.1.17', 'ANALIS KEBIJAKAN UTAMA', NULL, NULL, 10, 746),
(758, 'J.1.18', 'PRANATA KOMPUTER UTAMA', NULL, NULL, 10, 746),
(759, 'J.1.19', 'PRANATA KOMPUTER MADYA', NULL, NULL, 10, 746),
(760, 'J.1.20', 'PRANATA KOMPUTER MUDA', NULL, NULL, 10, 746),
(761, 'J.1.21', 'PRANATA KOMPUTER PENYELIA', NULL, NULL, 10, 746),
(762, 'J.1.22', 'PRANATA KOMPUTER PELAKSANA', NULL, NULL, 10, 746),
(763, 'J.1.23', 'PRANATA KOMPUTER PELAKSANA PEMULA', NULL, NULL, 10, 746),
(764, 'J.1.24', 'ARSIPARIS PELAKSANA', NULL, NULL, 10, 746),
(765, 'J.1.25', 'ARSIPARIS PELAKSANA LANJUTAN', NULL, NULL, 10, 746),
(766, 'J.1.26', 'ARSIPARIS PENYELIA', NULL, NULL, 10, 746),
(767, 'J.1.27', 'ARSIPARIS PERTAMA', NULL, NULL, 10, 746),
(768, 'J.1.28', 'ARSIPARIS MUDA', NULL, NULL, 10, 746),
(769, 'J.1.29', 'PERENCANA AHLI PERTAMA', NULL, NULL, 10, 746),
(770, 'J.1.30', 'PRANATA KOMPUTER PERTAMA', NULL, NULL, 10, 746),
(771, 'J.1.31', 'PRANATA KOMPUTER PELAKSANA LANJUTAN', NULL, NULL, 10, 746),
(772, 'J.1.32', 'ANALIS KEBIJAKAN', NULL, NULL, 10, 746),
(773, 'J.1.33', 'ANALIS KEBIJAKAN', NULL, NULL, 10, 746),
(774, 'J.1.34', 'ANALIS KEBIJAKAN', NULL, NULL, 10, 746),
(775, 'J.1.35', 'ANALIS KEBIJAKAN', NULL, NULL, 10, 746),
(776, 'J.1.36', 'ANALIS KEBIJAKAN', NULL, NULL, 10, 746),
(777, 'J.1.37', 'ANALIS KEBIJAKAN', NULL, NULL, 10, 746),
(778, 'J.1.38', 'ANALIS KEBIJAKAN', NULL, NULL, 10, 746),
(779, 'J.1.39', 'ANALIS KEBIJAKAN', NULL, NULL, 10, 746),
(780, 'J.1.40', 'ANALIS KEBIJAKAN', NULL, NULL, 10, 746),
(781, 'J.1.41', 'ANALIS KEBIJAKAN', NULL, NULL, 10, 746),
(782, 'J.1.42', 'ANALIS KEBIJAKAN', NULL, NULL, 10, 746),
(783, 'J.1.43', 'ANALIS KEBIJAKAN', NULL, NULL, 10, 746),
(784, 'J.1.44', 'ANALIS KEBIJAKAN', NULL, NULL, 10, 746),
(785, 'J.1.45', 'ANALIS KEBIJAKAN', NULL, NULL, 10, 746),
(786, 'J.1.1', 'SEKRETARIS', NULL, NULL, 10, 746),
(787, 'J.1.1.1.16', 'PENGADMINISTRASI UMUM', NULL, NULL, 10, 786),
(788, 'J.1.1.1.17', 'PENGOLAH DATA', NULL, NULL, 10, 786),
(789, 'J.1.1.1.18', 'ANALIS PERENCANAAN', NULL, NULL, 10, 786),
(790, 'J.1.1.1.19', 'BENDAHARA', NULL, NULL, 10, 786),
(791, 'J.1.1.1.20', 'VERIFIKATOR KEUANGAN', NULL, NULL, 10, 786),
(792, 'J.1.1.1.21', 'PENGELOLA AKUNTANSI', NULL, NULL, 10, 786),
(793, 'J.1.1.1.22', 'PENGADMINISTRASI KEUANGAN', NULL, NULL, 10, 786),
(794, 'J.1.1.1.23', 'PENGELOLA GAJI', NULL, NULL, 10, 786),
(795, 'J.1.1.1.24', 'PENGOLAH DATA APLIKASI DAN PENGELOLAAN DATA SISTEM KEUANGAN', NULL, NULL, 10, 786),
(796, 'J.1.1.1.25', 'PENGADMINISTRASI PAJAK', NULL, NULL, 10, 786),
(797, 'J.1.1.1', 'KEPALA SUB BAGIAN UMUM DAN KEPEGAWAIAN', NULL, NULL, 10, 786),
(798, 'J.1.1.1.1', 'PENGELOLA BARANG MILIK NEGARA', NULL, NULL, 10, 797),
(799, 'J.1.1.1.2', 'PRANATA KEARSIPAN', NULL, NULL, 10, 797),
(800, 'J.1.1.1.3', 'PENGADMINISTRASI KEPEGAWAIAN', NULL, NULL, 10, 797),
(801, 'J.1.1.1.4', 'PENGADMINISTRASI UMUM', NULL, NULL, 10, 797),
(802, 'J.1.1.1.5', 'PENGELOLA PERJALANAN DINAS', NULL, NULL, 10, 797),
(803, 'J.1.1.1.6', 'PENGEMUDI', NULL, NULL, 10, 797),
(804, 'J.1.1.1.7', 'PETUGAS KEAMANAN', NULL, NULL, 10, 797),
(805, 'J.1.1.1.8', 'PRAMU BAKTI', NULL, NULL, 10, 797),
(806, 'J.1.1.1.9', 'PRAMU KEBERSIHAN', NULL, NULL, 10, 797),
(807, 'J.1.1.1.10', 'PENGELOLA DATA LAYANAN INFORMASI DAN EDUKASI PUBLIK', NULL, NULL, 10, 797),
(808, 'J.1.1.1.11', 'PEMELIHARAAN SARANA DAN PRASARANA', NULL, NULL, 10, 797),
(809, 'J.1.1.1.12', 'PRAMU TAMAN', NULL, NULL, 10, 797),
(810, 'J.1.1.1.13', 'PENGELOLA PERPUSTAKAAN', NULL, NULL, 10, 797),
(811, 'J.1.1.1.14', 'SEKRETARIS', NULL, NULL, 10, 797),
(812, 'J.1.1.1.15', 'PENGELOLA DATA', NULL, NULL, 10, 797),
(813, 'J.1.2', 'KEPALA BIDANG RISET DAN INOVASI DAERAH', NULL, NULL, 10, 746),
(814, 'J.1.2.1.1', 'ANALIS PERENCANAAN', NULL, NULL, 10, 813),
(815, 'J.1.2.1.2', 'PENGOLAH DATA', NULL, NULL, 10, 813),
(816, 'J.1.2.1.3', 'PENGADMINISTRASI UMUM', NULL, NULL, 10, 813),
(817, 'J.1.2.1.4', 'PENYUSUN PENELITIAN DAN PENGEMBANGAN', NULL, NULL, 10, 813),
(818, 'J.1.2.1.5', 'PENGOLAH DATA', NULL, NULL, 10, 813),
(819, 'J.1.2.1.6', 'PENGADMINISTRASI UMUM', NULL, NULL, 10, 813),
(820, 'J.1.2.1.7', 'ANALIS PERENCANAAN', NULL, NULL, 10, 813),
(821, 'J.1.2.1.8', 'PENYUSUN PROGRAM KREATIVITAS DAN INOVASI', NULL, NULL, 10, 813),
(822, 'J.1.2.1.9', 'PENYUSUN PENELITIAN DAN PENGEMBANGAN', NULL, NULL, 10, 813),
(823, 'J.1.2.1.10', 'ANALIS PERENCANAAN', NULL, NULL, 10, 813),
(824, 'J.1.2.1.11', 'PENGOLAH DATA', NULL, NULL, 10, 813),
(825, 'J.1.2.1.12', 'PENGADMINISTRASI UMUM', NULL, NULL, 10, 813),
(826, 'J.1.2.1.13', 'PENYUSUN PENELITIAN DAN PENGEMBANGAN', NULL, NULL, 10, 813),
(827, 'J.1.3', 'KEPALA BIDANG PENGENDALIAN, EVALUASI DAN KERJASAMA PEMBANGUNAN', NULL, NULL, 10, 746),
(828, 'J.1.3.1.1', 'ANALIS PERENCANAAN', NULL, NULL, 10, 827),
(829, 'J.1.3.1.2', 'PENGADMINISTRASI UMUM', NULL, NULL, 10, 827),
(830, 'J.1.3.1.3', 'PENGOLAH DATA', NULL, NULL, 10, 827),
(831, 'J.1.3.1.4', 'PENGOLAH DATA', NULL, NULL, 10, 827),
(832, 'J.1.3.1.5', 'ANALIS PERENCANAAN', NULL, NULL, 10, 827),
(833, 'J.1.3.1.6', 'PENGADMINISTRASI UMUM', NULL, NULL, 10, 827),
(834, 'J.1.3.1.7', 'ANALIS PERENCANAAN', NULL, NULL, 10, 827),
(835, 'J.1.3.1.8', 'PENGADMINISTRASI UMUM', NULL, NULL, 10, 827),
(836, 'J.1.3.1.9', 'PENGOLAH DATA', NULL, NULL, 10, 827),
(837, 'J.1.4', 'KEPALA BIDANG PERENCANAAN DATA DAN SISTEM INFORMASI PEMBANGUNAN', NULL, NULL, 10, 746),
(838, 'J.1.4.1.1', 'PENGADMINISTRASI UMUM', NULL, NULL, 10, 837),
(839, 'J.1.4.1.2', 'PENGOLAH DATA', NULL, NULL, 10, 837),
(840, 'J.1.4.1.3', 'ANALIS PERENCANAAN', NULL, NULL, 10, 837),
(841, 'J.1.4.1.4', 'PENGOLAH DATA', NULL, NULL, 10, 837),
(842, 'J.1.4.1.5', 'PENGADMINISTRASI UMUM', NULL, NULL, 10, 837),
(843, 'J.1.4.1.6', 'ANALIS PERENCANAAN', NULL, NULL, 10, 837),
(844, 'J.1.4.1.7', 'ANALIS PERENCANAAN', NULL, NULL, 10, 837),
(845, 'J.1.4.1.8', 'PENGADMINISTRASI UMUM', NULL, NULL, 10, 837),
(846, 'J.1.4.1.9', 'PENGOLAH DATA', NULL, NULL, 10, 837),
(847, 'J.1.6', 'KEPALA BIDANG PEREKONOMIAN, SDA, INFRASTRUKTUR DAN KEWILAYAHAN', NULL, NULL, 10, 746),
(848, 'J.1.6.1.1', 'ANALIS PERENCANAAN', NULL, NULL, 10, 847),
(849, 'J.1.6.1.2', 'PENGADMINISTRASI UMUM', NULL, NULL, 10, 847),
(850, 'J.1.6.1.3', 'PENGOLAH DATA', NULL, NULL, 10, 847),
(851, 'J.1.6.1.4', 'ANALIS PERENCANAAN', NULL, NULL, 10, 847),
(852, 'J.1.6.1.5', 'PENGOLAH DATA', NULL, NULL, 10, 847),
(853, 'J.1.6.1.6', 'PENGADMINISTRASI UMUM', NULL, NULL, 10, 847),
(854, 'J.1.6.1.7', 'PENGADMINISTRASI UMUM', NULL, NULL, 10, 847),
(855, 'J.1.6.1.8', 'PENGOLAH DATA', NULL, NULL, 10, 847),
(856, 'J.1.6.1.9', 'ANALIS PERENCANAAN', NULL, NULL, 10, 847),
(857, 'J.1.5', 'KEPALA BIDANG PEMERINTAHAN DAN SUMBER DAYA MANUSIA', NULL, NULL, 10, 746),
(858, 'J.1.5.1.1', 'PENGADMINISTRASI UMUM', NULL, NULL, 10, 857),
(859, 'J.1.5.1.2', 'PENGOLAH DATA', NULL, NULL, 10, 857),
(860, 'J.1.5.1.3', 'ANALIS PERENCANAAN', NULL, NULL, 10, 857),
(861, 'J.1.5.1.4', 'PENGOLAH DATA', NULL, NULL, 10, 857),
(862, 'J.1.5.1.5', 'PENGADMINISTRASI UMUM', NULL, NULL, 10, 857),
(863, 'J.1.5.1.6', 'ANALIS PERENCANAAN', NULL, NULL, 10, 857),
(864, 'J.1.5.1.7', 'ANALIS PERENCANAAN', NULL, NULL, 10, 857),
(865, 'J.1.5.1.8', 'PENGADMINISTRASI UMUM', NULL, NULL, 10, 857),
(866, 'J.1.5.1.9', 'PENGOLAH DATA', NULL, NULL, 10, 857),
(867, 'K.1', 'KEPALA BADAN PENDAPATAN DAERAH', NULL, NULL, 11, NULL),
(868, 'K.1.5', 'ARSIPARIS PELAKSANA', NULL, NULL, 11, 867),
(869, 'K.1.6', 'ARSIPARIS PELAKSANA LANJUTAN', NULL, NULL, 11, 867),
(870, 'K.1.7', 'ARSIPARIS PENYELIA', NULL, NULL, 11, 867),
(871, 'K.1.8', 'ARSIPARIS PERTAMA', NULL, NULL, 11, 867),
(872, 'K.1.9', 'ARSIPARIS MUDA', NULL, NULL, 11, 867),
(873, 'K.1.10', 'ANALIS KEBIJAKAN', NULL, NULL, 11, 867),
(874, 'K.1.11', 'ANALIS KEBIJAKAN', NULL, NULL, 11, 867),
(875, 'K.1.12', 'ANALIS KEBIJAKAN', NULL, NULL, 11, 867),
(876, 'K.1.13', 'ANALIS KEBIJAKAN', NULL, NULL, 11, 867),
(877, 'K.1.1', 'SEKRETARIS', NULL, NULL, 11, 867),
(878, 'K.1.1.1.17', 'BENDAHARA', NULL, NULL, 11, 877),
(879, 'K.1.1.1.18', 'PENATA LAPORAN KEUANGAN', NULL, NULL, 11, 877),
(880, 'K.1.1.1.19', 'VERIFIKATOR PAJAK', NULL, NULL, 11, 877),
(881, 'K.1.1.1.20', 'ANALIS RENCANA PROGRAM DAN KEGIATAN', NULL, NULL, 11, 877),
(882, 'K.1.1.1.21', 'PENGADMINISTRASI KEUANGAN', NULL, NULL, 11, 877),
(883, 'K.1.1.1.22', 'PENGADMINISTRASI PAJAK', NULL, NULL, 11, 877),
(884, 'K.1.1.1.23', 'PENGELOLA GAJI', NULL, NULL, 11, 877),
(885, 'K.1.1.1.24', 'PENGELOLA AKUNTANSI', NULL, NULL, 11, 877),
(886, 'K.1.1.1.25', 'VERIFIKATOR KEUANGAN', NULL, NULL, 11, 877),
(887, 'K.1.1.1.26', 'PENYUSUN PROGRAM ANGGARAN DAN PELAPORAN', NULL, NULL, 11, 877),
(888, 'K.1.1.1.27', 'PENGADMINISTRASI PERENCANAAN DAN PROGRAM', NULL, NULL, 11, 877),
(889, 'K.1.1.1.28', 'PENYUSUN RENCANA KEGIATAN DAN ANGGARAN', NULL, NULL, 11, 877),
(890, 'K.1.1.1', 'KEPALA SUB BAGIAN UMUM DAN KEPEGAWAIAN', NULL, NULL, 11, 877),
(891, 'K.1.1.1.1', 'PENGELOLA DATA LAYANAN INFORMASI DAN EDUKASI PUBLIK', NULL, NULL, 11, 890),
(892, 'K.1.1.1.2', 'PENGADMINISTRASI KEPEGAWAIAN', NULL, NULL, 11, 890),
(893, 'K.1.1.1.3', 'PEMELIHARA SARANA DAN PRASARANA', NULL, NULL, 11, 890),
(894, 'K.1.1.1.4', 'PRANATA BARANG DAN JASA', NULL, NULL, 11, 890),
(895, 'K.1.1.1.5', 'PENGELOLA BARANG MILIK NEGARA', NULL, NULL, 11, 890),
(896, 'K.1.1.1.6', 'SEKRETARIS', NULL, NULL, 11, 890),
(897, 'K.1.1.1.7', 'PENGADMINISTRASI PERSURATAN', NULL, NULL, 11, 890),
(898, 'K.1.1.1.8', 'PRANATA KEARSIPAN', NULL, NULL, 11, 890),
(899, 'K.1.1.1.9', 'PENGEMUDI', NULL, NULL, 11, 890),
(900, 'K.1.1.1.10', 'PRAMU BAKTI', NULL, NULL, 11, 890),
(901, 'K.1.1.1.11', 'PETUGAS KEAMANAN', NULL, NULL, 11, 890),
(902, 'K.1.1.1.12', 'PENGADMINISTRASI UMUM', NULL, NULL, 11, 890),
(903, 'K.1.1.1.13', 'PENGELOLA KEGIATAN DAN ANGGARAN', NULL, NULL, 11, 890),
(904, 'K.1.1.1.14', 'PENGELOLA PERJALANAN DINAS', NULL, NULL, 11, 890),
(905, 'K.1.1.1.15', 'PENGELOLA PERPUSTAKAAN', NULL, NULL, 11, 890),
(906, 'K.1.1.1.16', 'PENGAWAS RESI GUDANG', NULL, NULL, 11, 890),
(907, 'K.1.2', 'KEPALA BIDANG PENGELOLAAN PENDAPATAN DAERAH', NULL, NULL, 11, 867),
(908, 'K.1.2.3.1', 'PENGELOLA DATA PELAYANAN PERPAJAKAN', NULL, NULL, 11, 907),
(909, 'K.1.2.3.2', 'ANALIS PAJAK', NULL, NULL, 11, 907),
(910, 'K.1.2.3.3', 'PENGADMINISTRASI UMUM', NULL, NULL, 11, 907),
(911, 'K.1.2.3.4', 'PENYUSUN BAHAN KEBIJAKAN', NULL, NULL, 11, 907),
(912, 'K.1.2.1', 'KEPALA SUB BIDANG PENDAFTARAN, PENETAPAN DAN PENAGIHAN PAJAK DAERAH', NULL, NULL, 11, 907),
(913, 'K.1.2.1.1', 'PENGELOLA DATA', NULL, NULL, 11, 912),
(914, 'K.1.2.1.2', 'PENGADMINISTRASI UMUM', NULL, NULL, 11, 912),
(915, 'K.1.2.1.3', 'PENGELOLA PENDAFTARAN DAN PENDATAAN PAJAK', NULL, NULL, 11, 912),
(916, 'K.1.2.1.4', 'ANALIS PENDAPATAN DAERAH', NULL, NULL, 11, 912),
(917, 'K.1.2.2', 'KEPALA SUB BIDANG PEMBINAAN DAN PENGAWASAN PAJAK DAERAH, RETRIBUSI DAERAH DAN PENDAPATAN LAINNYA', NULL, NULL, 11, 907),
(918, 'K.1.2.2.1', 'ANALIS PAJAK', NULL, NULL, 11, 917),
(919, 'K.1.2.2.2', 'PENGADMINISTRASI UMUM', NULL, NULL, 11, 917),
(920, 'K.1.2.2.3', 'PENGOLAH DATA PENAGIHAN PAJAK', NULL, NULL, 11, 917),
(921, 'K.1.2.2.4', 'VERIFIKATOR PAJAK', NULL, NULL, 11, 917),
(922, 'K.1.2.2.5', 'PENGELOLA PENDAPATAN', NULL, NULL, 11, 917),
(923, 'K.1.2.2.6', 'PENGELOLA DATA DAN DOKUMEN PERPAJAKAN', NULL, NULL, 11, 917),
(924, 'K.1.3', 'KEPALA BIDANG PERENCANAAN DAN PENGEMBANGAN PENDAPATAN DAERAH', NULL, NULL, 11, 867),
(925, 'K.1.3.1', 'KEPALA SUB BIDANG PERENCANAAN PENDAPATAN DAERAH', NULL, NULL, 11, 924),
(926, 'K.1.3.1.1', 'PENGELOLA WAJIB PAJAK/RETRIBUSI DAERAH', NULL, NULL, 11, 925),
(927, 'K.1.3.1.2', 'PENGELOLA REALISASI LAPORAN PENERIMAAN RETRIBUSI DAERAH', NULL, NULL, 11, 925),
(928, 'K.1.3.1.3', 'PENGADMINISTRASI UMUM', NULL, NULL, 11, 925),
(929, 'K.1.3.1.4', 'PENGELOLA PENDAPATAN', NULL, NULL, 11, 925),
(930, 'K.1.3.1.5', 'PENGELOLA SUMBER PENDAPATAN ASLI DAERAH', NULL, NULL, 11, 925),
(931, 'K.1.3.1.6', 'PENGADMINISTRASI UMUM', NULL, NULL, 11, 925),
(932, 'K.1.3.2', 'KEPALA SUB BIDANG PENGEMBANGAN, REGULASI DAN KERJASAMA PENDAPATAN DAERAH', NULL, NULL, 11, 924),
(933, 'K.1.3.2.1', 'PENGOLAH DATA KEBIJAKAN DANA BAGI HASIL', NULL, NULL, 11, 932),
(934, 'K.1.3.2.2', 'PENGADMINISTRASI UMUM', NULL, NULL, 11, 932),
(935, 'K.1.4', 'KEPALA BIDANG PENGENDALIAN DAN EVALUASI PENDAPATAN DAERAH', NULL, NULL, 11, 867),
(936, 'K.1.4.1', 'KEPALA SUB BIDANG PENGENDALIAN DAN EVALUASI', NULL, NULL, 11, 935),
(937, 'K.1.4.1.1', 'PENGADMINITRASI UMUM', NULL, NULL, 11, 936),
(938, 'K.1.4.1.2', 'PENGOLAH DATA ADMINISTRASI PEMERIKSAAN', NULL, NULL, 11, 936),
(939, 'K.1.4.1.3', 'ANALIS TINDAK LANJUT LAPORAN HASIL PEMERIKSAAN', NULL, NULL, 11, 936),
(940, 'K.1.4.1.4', 'PENGOLAH DATA TINDAK LANJUT PEMERIKSAAN', NULL, NULL, 11, 936),
(941, 'K.1.4.1.5', 'ANALIS PENDAPATAN DAERAH', NULL, NULL, 11, 936),
(942, 'K.1.4.1.6', 'PENGELOLA MONITORING DAN EVALUASI', NULL, NULL, 11, 936),
(943, 'K.1.4.1.7', 'ANALIS MONITORING DAN EVALUASI KEBIJAKAN PAJAK DAERAH DAN RETRIBUSI DAERAH', NULL, NULL, 11, 936),
(944, 'K.1.4.1.8', 'PENGOLAH DATA MONITORING DAN EVALUSI KEBIJAKAN PDRD', NULL, NULL, 11, 936),
(945, 'K.1.4.1.9', 'PENGADMINITRASI UMUM', NULL, NULL, 11, 936),
(946, 'K.1.4.2', 'KEPALA SUB BIDANG PENGELOLAAN SISTEM INFORMASI', NULL, NULL, 11, 935),
(947, 'K.1.4.2.1', 'PENGELOLA DATABASE', NULL, NULL, 11, 946),
(948, 'K.1.4.2.2', 'PENGELOLA PERENCANAAN DAN PENGEMBANGAN PENDAPATAN', NULL, NULL, 11, 946),
(949, 'K.1.4.2.3', 'PENGELOLA SISTEM JARINGAN', NULL, NULL, 11, 946),
(950, 'K.1.4.2.4', 'PENGELOLA DATA DAN INFORMASI PERPAJAKAN', NULL, NULL, 11, 946),
(951, 'K.1.4.2.5', 'PENGADMINITRASI UMUM', NULL, NULL, 11, 946),
(952, 'K.1.4.2.6', 'ANALIS PENDAPATAN DAERAH', NULL, NULL, 11, 946),
(953, 'L.1', 'KEPALA BADAN PENGELOLAAN KEUANGAN DAN ASET DAERAH', NULL, NULL, 12, NULL),
(954, 'L.1.5', 'ANALIS KEUANGAN PUSAT DAN DAERAH AHLI MADYA', NULL, NULL, 12, 953),
(955, 'L.1.6', 'ANALIS KEUANGAN PUSAT DAN DAERAH AHLI MUDA', NULL, NULL, 12, 953),
(956, 'L.1.7', 'ANALIS KEUANGAN PUSAT DAN DAERAH AHLI PERTAMA', NULL, NULL, 12, 953),
(957, 'L.1.8', 'ANALIS KEUANGAN PUSAT DAN DAERAH AHLI UTAMA', NULL, NULL, 12, 953),
(958, 'L.1.9', 'PRANATA KOMPUTER', NULL, NULL, 12, 953),
(959, 'L.1.10', 'ARSIPARIS PELAKSANA', NULL, NULL, 12, 953),
(960, 'L.1.11', 'ARSIPARIS PELAKSANA LANJUTAN', NULL, NULL, 12, 953),
(961, 'L.1.12', 'ARSIPARIS PENYELIA', NULL, NULL, 12, 953),
(962, 'L.1.13', 'ARSIPARIS PERTAMA', NULL, NULL, 12, 953),
(963, 'L.1.14', 'ARSIPARIS MUDA', NULL, NULL, 12, 953),
(964, 'L.1.15', 'ANALIS KEBIJAKAN AHLI MUDA', NULL, NULL, 12, 953),
(965, 'L.1.16', 'ANALIS KEBIJAKAN AHLI MADYA', NULL, NULL, 12, 953),
(966, 'L.1.17', 'ANALIS KEBIJAKAN AHLI PERTAMA', NULL, NULL, 12, 953),
(967, 'L.1.18', 'PERENCANA AHLI MUDA', NULL, NULL, 12, 953),
(968, 'L.1.19', 'PENILAI BARANG MILIK DAERAH', NULL, NULL, 12, 953),
(969, 'L.1.20', 'PENATA LAKSANA BARANG TERAMPIL', NULL, NULL, 12, 953),
(970, 'L.1.21', 'PENATA LAKSANA BARANG MAHIR', NULL, NULL, 12, 953),
(971, 'L.1.22', 'PENATA LAKSANA BARANG PENYELIA', NULL, NULL, 12, 953),
(972, 'L.1.23', 'ANALIS KEBIJAKAN', NULL, NULL, 12, 953),
(973, 'L.1.24', 'ANALIS KEBIJAKAN', NULL, NULL, 12, 953),
(974, 'L.1.25', 'ANALIS KEBIJAKAN', NULL, NULL, 12, 953),
(975, 'L.1.26', 'ANALIS KEBIJAKAN', NULL, NULL, 12, 953),
(976, 'L.1.1', 'SEKRETARIS', NULL, NULL, 12, 953),
(977, 'L.1.1.1.15', 'PENGADMINISTRASI KEUANGAN', NULL, NULL, 12, 976),
(978, 'L.1.1.1.16', 'BENDAHARA', NULL, NULL, 12, 976),
(979, 'L.1.1.1.17', 'VERIFIKATOR KEUANGAN', NULL, NULL, 12, 976),
(980, 'L.1.1.1.18', 'PENGELOLA GAJI', NULL, NULL, 12, 976),
(981, 'L.1.1.1.19', 'PENGADMINISTRASI PAJAK', NULL, NULL, 12, 976),
(982, 'L.1.1.1.20', 'PENGELOLA AKUNTANSI', NULL, NULL, 12, 976),
(983, 'L.1.1.1.21', 'PENGOLAH DATA APLIKASI DAN PENGELOLAAN DATA SISTEM KEUANGAN', NULL, NULL, 12, 976),
(984, 'L.1.1.1.22', 'ANALIS RENCANA PROGRAM DAN KEGIATAN', NULL, NULL, 12, 976),
(985, 'L.1.1.1.23', 'PENYUSUN PROGRAM ANGGARAN DAN PELAPORAN', NULL, NULL, 12, 976),
(986, 'L.1.1.1.24', 'PENYUSUN RENCANA KEGIATAN DAN ANGGARAN', NULL, NULL, 12, 976),
(987, 'L.1.1.1.25', 'PENGELOLA PELAPORAN DAN EVALUASI PELAKSANAAN KEGIATAN APBD', NULL, NULL, 12, 976),
(988, 'L.1.1.1.26', 'PENGADMINISTRASI PERENCANAAN DAN PROGRAM', NULL, NULL, 12, 976),
(989, 'L.1.1.1', 'KEPALA SUB BAGIAN TATA USAHA', NULL, NULL, 12, 976),
(990, 'L.1.1.1.1', 'PENGADMINISTRASI KEPEGAWAIAN', NULL, NULL, 12, 989),
(991, 'L.1.1.1.2', 'PENGELOLA BARANG MILIK NEGARA', NULL, NULL, 12, 989),
(992, 'L.1.1.1.3', 'PENGELOLA KEGIATAN DAN ANGGARAN', NULL, NULL, 12, 989),
(993, 'L.1.1.1.4', 'PENGELOLA PERJALANAN DINAS', NULL, NULL, 12, 989),
(994, 'L.1.1.1.5', 'PENGELOLA DATA LAYANAN INFORMASI DAN EDUKASI PUBLIK', NULL, NULL, 12, 989),
(995, 'L.1.1.1.6', 'PRANATA KEARSIPAN', NULL, NULL, 12, 989),
(996, 'L.1.1.1.7', 'SEKRETARIS', NULL, NULL, 12, 989),
(997, 'L.1.1.1.8', 'PRANATA BARANG DAN JASA', NULL, NULL, 12, 989),
(998, 'L.1.1.1.9', 'PETUGAS KEAMANAN', NULL, NULL, 12, 989),
(999, 'L.1.1.1.10', 'PRAMUBAKTI', NULL, NULL, 12, 989),
(1000, 'L.1.1.1.11', 'PEMELIHARA SARANA DAN PRASARANA', NULL, NULL, 12, 989),
(1001, 'L.1.1.1.12', 'PENGADMINISTRASI UMUM', NULL, NULL, 12, 989),
(1002, 'L.1.1.1.13', 'PENGEMUDI', NULL, NULL, 12, 989),
(1003, 'L.1.1.1.14', 'PENGELOLA KEPEGAWAIAN', NULL, NULL, 12, 989),
(1004, 'L.1.2', 'KEPALA BIDANG PERENCANAAN ANGGARAN DAERAH', NULL, NULL, 12, 953),
(1005, 'L.1.2.3.1', 'PENGADMINISTRASI UMUM', NULL, NULL, 12, 1004),
(1006, 'L.1.2.3.2', 'PENGOLAH DATA APLIKASI DAN PENGELOLAAN DATA SISTEM KEUANGAN', NULL, NULL, 12, 1004),
(1007, 'L.1.2.3.3', 'PENGELOLA PELAPORAN DAN EVALUASI PELAKSANAAN KEGIATAN APBD', NULL, NULL, 12, 1004),
(1008, 'L.1.2.3.4', 'PENGOLAH DATA PEMBINAAN PELAKSANAAN ANGGARAN', NULL, NULL, 12, 1004),
(1009, 'L.1.2.3.5', 'VERIFIKATOR ANGGARAN', NULL, NULL, 12, 1004),
(1010, 'L.1.2.3.6', 'PENGELOLA DATA PEMBANGUNAN SISTEM INFORMASI KEUANGAN DAERAH', NULL, NULL, 12, 1004),
(1011, 'L.1.2.3.7', 'ANALIS KEBIJAKAN PELAKSANAAN ANGGARAN', NULL, NULL, 12, 1004),
(1012, 'L.1.2.3.8', 'ANALIS KEBIJAKAN PENGANGGARAN', NULL, NULL, 12, 1004),
(1013, 'L.1.2.3.9', 'ANALIS PERENCANAAN ANGGARAN', NULL, NULL, 12, 1004),
(1014, 'L.1.2.1', 'KEPALA SUB BIDANG PERENCANAAN ANGGARAN', NULL, NULL, 12, 1004),
(1015, 'L.1.2.1.1', 'PENGELOLA LAPORAN DAN EVALUASI PELAKSANAAN KEGIATAN APBD', NULL, NULL, 12, 1014),
(1016, 'L.1.2.1.2', 'PENGADMINISTRASI UMUM', NULL, NULL, 12, 1014),
(1017, 'L.1.2.1.3', 'ANALIS PERENCANAAN ANGGARAN', NULL, NULL, 12, 1014),
(1018, 'L.1.2.1.4', 'VERIFIKATOR ANGGARAN', NULL, NULL, 12, 1014),
(1019, 'L.1.2.1.5', 'ANALIS KEBIJAKAN PENGANGGARAN', NULL, NULL, 12, 1014),
(1020, 'L.1.2.1.6', 'PENGOLAH DATA PEMBINAAN PELAKSANAAN ANGGARAN', NULL, NULL, 12, 1014),
(1021, 'L.1.2.1.7', 'ANALIS KEBIJAKAN PELAKSANAAN ANGGARAN', NULL, NULL, 12, 1014),
(1022, 'L.1.2.1.8', 'PENGELOLA DATA PEMBANGUNAN SISTEM INFORMASI KEUANGAN DAERAH', NULL, NULL, 12, 1014),
(1023, 'L.1.2.1.9', 'PENGOLAH DATA APLIKASI DAN PENGELOLAAN DATA SISTEM KEUANGAN', NULL, NULL, 12, 1014),
(1024, 'L.1.2.2', 'KEPALA SUB BIDANG PELAKSANAAN ANGGARAN', NULL, NULL, 12, 1004),
(1025, 'L.1.2.2.1', 'PENGADMINISTRASI UMUM', NULL, NULL, 12, 1024),
(1026, 'L.1.2.2.2', 'ANALIS KEBIJAKAN PELAKSANAAN ANGGARAN', NULL, NULL, 12, 1024),
(1027, 'L.1.2.2.3', 'VERIFIKATOR ANGGARAN', NULL, NULL, 12, 1024),
(1028, 'L.1.2.2.4', 'ANALIS PERENCANAAN ANGGARAN', NULL, NULL, 12, 1024),
(1029, 'L.1.2.2.5', 'PENGOLAH DATA PEMBINAAN PELAKSANAAN ANGGARAN', NULL, NULL, 12, 1024),
(1030, 'L.1.2.2.6', 'ANALIS KEBIJAKAN PENGANGGARAN', NULL, NULL, 12, 1024),
(1031, 'L.1.2.2.7', 'PENGELOLA DATA PEMBANGUNAN SISTEM INFORMASI KEUANGAN DAERAH', NULL, NULL, 12, 1024),
(1032, 'L.1.2.2.8', 'PENGELOLA PELAPORAN DAN EVALUASI PELAKSANAAN KEGIATAN APBD', NULL, NULL, 12, 1024),
(1033, 'L.1.2.2.9', 'PENGOLAH DATA APLIKASI DAN PENGELOLAAN DATA SISTEM KEUANGAN', NULL, NULL, 12, 1024),
(1034, 'L.1.3', 'KEPALA BIDANG PERBENDAHARAAN DAN AKUNTANSI', NULL, NULL, 12, 953),
(1035, 'L.1.3.3.1', 'PENGADMINISTRASI UMUM', NULL, NULL, 12, 1034),
(1036, 'L.1.3.3.2', 'PENGELOLA AKUNTANSI', NULL, NULL, 12, 1034),
(1037, 'L.1.3.3.3', 'PENGELOLA DATA REKONSILIASI', NULL, NULL, 12, 1034),
(1038, 'L.1.3.3.4', 'ANALIS LAPORAN KEUANGAN', NULL, NULL, 12, 1034),
(1039, 'L.1.3.3.5', 'PENGELOLA LAPORAN KEUANGAN', NULL, NULL, 12, 1034),
(1040, 'L.1.3.3.6', 'PENGOLAH DATA LAPORAN KEUANGAN', NULL, NULL, 12, 1034),
(1041, 'L.1.3.3.7', 'PENGOLAH DATA APLIKASI DAN PENGELOLAAN DATA SISTEM KEUANGAN', NULL, NULL, 12, 1034),
(1042, 'L.1.3.3.8', 'PENGELOLA DATA KEUANGAN DAERAH', NULL, NULL, 12, 1034),
(1043, 'L.1.3.3.9', 'ANALIS KEUANGAN', NULL, NULL, 12, 1034),
(1044, 'L.1.3.3.10', 'ANALIS LAPORAN REALISASI ANGGARAN', NULL, NULL, 12, 1034),
(1045, 'L.1.3.1', 'KEPALA SUB BIDANG KAS DAERAH', NULL, NULL, 12, 1034),
(1046, 'L.1.3.1.1', 'PEGADMINISTRASI UMUM', NULL, NULL, 12, 1045),
(1047, 'L.1.3.1.2', 'PENGELOLA PERBENDAHARAAN DAN PELAYANAN', NULL, NULL, 12, 1045),
(1048, 'L.1.3.1.3', 'PENGELOLA KEUANGAN', NULL, NULL, 12, 1045),
(1049, 'L.1.3.1.4', 'PENGOLAH DATA PERBENDAHARAAN', NULL, NULL, 12, 1045),
(1050, 'L.1.3.1.5', 'ANALIS KEUANGAN', NULL, NULL, 12, 1045),
(1051, 'L.1.3.1.6', 'PENGELOLA LAPORAN KEUANGAN', NULL, NULL, 12, 1045),
(1052, 'L.1.3.1.7', 'PENGELOLA DATA KEUANGAN DAERAH', NULL, NULL, 12, 1045),
(1053, 'L.1.3.1.8', 'ANALIS PEMBIAYAAN DAERAH', NULL, NULL, 12, 1045),
(1054, 'L.1.3.1.9', 'ANALIS LAPORAN REALISASI ANGGARAN', NULL, NULL, 12, 1045),
(1055, 'L.1.3.1.10', 'ANALIS DANA BAGI HASIL', NULL, NULL, 12, 1045),
(1056, 'L.1.3.1.11', 'ANALIS KEUANGAN BLU', NULL, NULL, 12, 1045),
(1057, 'L.1.3.2', 'KEPALA SUB BIDANG PERBENDAHARAAN', NULL, NULL, 12, 1034),
(1058, 'L.1.3.2.1', 'VERIFIKATOR KEUANGAN', NULL, NULL, 12, 1057),
(1059, 'L.1.3.2.2', 'PENGOLAH DATA PENGELOLAAN SISTEM INFORMASI PERBENDAHARAAN', NULL, NULL, 12, 1057),
(1060, 'L.1.3.2.3', 'PENGELOLA PERBENDAHARAAN DAN PELAYANAN', NULL, NULL, 12, 1057),
(1061, 'L.1.3.2.4', 'PENGADMINISTRASI UMUM', NULL, NULL, 12, 1057),
(1062, 'L.1.3.2.5', 'PENGOLAH DATA PENGEMBANGAN SISTEM PERBENDAHARAAN', NULL, NULL, 12, 1057),
(1063, 'L.1.3.2.6', 'PENGOLAH DATA PERBENDAHARAAN', NULL, NULL, 12, 1057),
(1064, 'L.1.3.2.7', 'ANALIS PENGELOLAAN SISTEM INFORMASI PERBENDAHARAAN', NULL, NULL, 12, 1057),
(1065, 'L.1.3.2.8', 'ANALIS KEUANGAN', NULL, NULL, 12, 1057),
(1066, 'L.1.4', 'KEPALA BIDANG PENGELOLAAN BARANG MILIK DAERAH', NULL, NULL, 12, 953),
(1067, 'L.1.4.1', 'KEPALA SUB BIDANG PENATAUSAHAAN DAN PELAPORAN BARANG MILIK DAERAH', NULL, NULL, 12, 1066),
(1068, 'L.1.4.1.1', 'ANALIS KEBIJAKAN BARANG MILIK NEGARA', NULL, NULL, 12, 1068),
(1069, 'L.1.4.1.2', 'PENGELOLA BARANG MILIK NEGARA', NULL, NULL, 12, 1068),
(1070, 'L.1.4.1.3', 'ANALIS ASET DAERAH', NULL, NULL, 12, 1068),
(1071, 'L.1.4.1.4', 'PENGADMINISTRASI UMUM', NULL, NULL, 12, 1068),
(1072, 'L.1.4.1.5', 'PENGELOLA DATA REKONSILIASI', NULL, NULL, 12, 1068),
(1073, 'L.1.4.2', 'KEPALA SUB BIDANG PEMBINAAN DAN PEMINDAHTANGANAN BARANG MILIK DAERAH', NULL, NULL, 12, 1066),
(1074, 'L.1.4.2.1', 'PENYUSUN RENCANA HASIL TELAAHAN USUL PENGHAPUSAN BARANG', NULL, NULL, 12, 1073),
(1075, 'L.1.4.2.2', 'PENGELOLA PEMANFAATAN BARANG MILIK DAERAH', NULL, NULL, 12, 1073),
(1076, 'L.1.4.2.3', 'ANALIS BARANG MILIK NEGARA', NULL, NULL, 12, 1073),
(1077, 'L.1.4.2.4', 'PENGADMINISTRASI UMUM', NULL, NULL, 12, 1073),
(1078, 'L.1.4.2.5', 'PENGELOLA PENATAAN SARANA DAN PRASARANA', NULL, NULL, 12, 1073),
(1079, 'L.1.4.2.6', 'ASISTEN PELELANG', NULL, NULL, 12, 1073),
(1080, 'L.1.4.2.7', 'PENGELOLA TUNTUTAN PERBENDAHARAAN DAN TEMUAN GANTI RUGI', NULL, NULL, 12, 1073),
(1081, 'L.1.4.2.8', 'PENGELOLA BARANG MILIK NEGARA', NULL, NULL, 12, 1073),
(1082, 'L.1.4.2.9', 'PENGADMINISTRASI UMUM', NULL, NULL, 12, 1073),
(1083, 'L.1.4.2.10', 'PENGELOLA PENGAWASAN', NULL, NULL, 12, 1073),
(1084, 'L.1.4.2.11', 'PENYUSUN BAHAN PEMBINAAN', NULL, NULL, 12, 1073),
(1085, 'L.1.4.2.12', 'PENGELOLA TUNTUTAN PERBENDAHARAAN DAN TEMUAN GANTI RUGI', NULL, NULL, 12, 1073),
(1086, 'L.1.4.2.13', 'ANALIS ASET DAERAH', NULL, NULL, 12, 1073),
(1087, 'M.1', 'KEPALA BADAN KEPEGAWAIAN DAERAH', NULL, NULL, 13, NULL),
(1088, 'M.1.5', 'PRANATA KOMPUTER UTAMA', NULL, NULL, 13, 1087),
(1089, 'M.1.6', 'PRANATA KOMPUTER MADYA', NULL, NULL, 13, 1087),
(1090, 'M.1.7', 'PRANATA KOMPUTER MUDA', NULL, NULL, 13, 1087),
(1091, 'M.1.8', 'PRANATA KOMPUTER PERTAMA', NULL, NULL, 13, 1087),
(1092, 'M.1.9', 'PRANATA KOMPUTER PENYELIA', NULL, NULL, 13, 1087),
(1093, 'M.1.10', 'PRANATA KOMPUTER PELAKSANA LANJUTAN', NULL, NULL, 13, 1087),
(1094, 'M.1.11', 'PRANATA KOMPUTER PELAKSANA', NULL, NULL, 13, 1087),
(1095, 'M.1.12', 'PRANATA KOMPUTER PELAKSANA PEMULA', NULL, NULL, 13, 1087),
(1096, 'M.1.13', 'ANALIS KEPEGAWAIAN PELAKSANA', NULL, NULL, 13, 1087),
(1097, 'M.1.14', 'ANALIS KEPEGAWAIAN PELAKSANA LANJUTAN', NULL, NULL, 13, 1087),
(1098, 'M.1.15', 'ANALIS KEPEGAWAIAN PENYELIA', NULL, NULL, 13, 1087),
(1099, 'M.1.16', 'ANALIS KEPEGAWAIAN PERTAMA', NULL, NULL, 13, 1087),
(1100, 'M.1.17', 'ANALIS KEPEGAWAIAN MUDA', NULL, NULL, 13, 1087),
(1101, 'M.1.18', 'ANALIS KEPEGAWAIAN MADYA', NULL, NULL, 13, 1087),
(1102, 'M.1.19', 'ARSIPARIS PELAKSANA', NULL, NULL, 13, 1087),
(1103, 'M.1.20', 'ARSIPARIS PELAKSANA LANJUTAN', NULL, NULL, 13, 1087),
(1104, 'M.1.21', 'ARSIPARIS PENYELIA', NULL, NULL, 13, 1087),
(1105, 'M.1.22', 'ARSIPARIS PERTAMA', NULL, NULL, 13, 1087),
(1106, 'M.1.23', 'ARSIPARIS MUDA', NULL, NULL, 13, 1087),
(1107, 'M.1.24', 'ANALIS KEBIJAKAN', NULL, NULL, 13, 1087),
(1108, 'M.1.25', 'ANALIS KEBIJAKAN', NULL, NULL, 13, 1087),
(1109, 'M.1.26', 'ANALIS KEBIJAKAN', NULL, NULL, 13, 1087),
(1110, 'M.1.27', 'ANALIS KEBIJAKAN', NULL, NULL, 13, 1087),
(1111, 'M.1.28', 'ANALIS KEBIJAKAN', NULL, NULL, 13, 1087),
(1112, 'M.1.29', 'ANALIS KEBIJAKAN', NULL, NULL, 13, 1087),
(1113, 'M.1.30', 'ANALIS KEBIJAKAN', NULL, NULL, 13, 1087),
(1114, 'M.1.31', 'ANALIS KEBIJAKAN', NULL, NULL, 13, 1087),
(1115, 'M.1.32', 'ANALIS KEBIJAKAN', NULL, NULL, 13, 1087),
(1116, 'M.1.33', 'ANALIS KEBIJAKAN', NULL, NULL, 13, 1087),
(1117, 'M.1.1', 'SEKRETARIS', NULL, NULL, 13, 1087),
(1118, 'M.1.1.1.15', 'PENYUSUN RENCANA KEGIATAN DAN ANGGARAN', NULL, NULL, 13, 1117),
(1119, 'M.1.1.1.16', 'BENDAHARA', NULL, NULL, 13, 1117),
(1120, 'M.1.1.1.17', 'VERIFIKATOR KEUANGAN', NULL, NULL, 13, 1117),
(1121, 'M.1.1.1.18', 'PENGELOLA GAJI', NULL, NULL, 13, 1117),
(1122, 'M.1.1.1.19', 'PENGADMINISTRASI KEUANGAN', NULL, NULL, 13, 1117),
(1123, 'M.1.1.1.20', 'PENGADMINISTRASI PAJAK', NULL, NULL, 13, 1117),
(1124, 'M.1.1.1.21', 'PENGOLAH DATA APLIKASI DAN PENGELOLAAN DATA SISTEM KEUANGAN', NULL, NULL, 13, 1117),
(1125, 'M.1.1.1.22', 'PENGELOLA AKUNTANSI', NULL, NULL, 13, 1117),
(1126, 'M.1.1.1.23', 'PENYUSUN PROGRAM ANGGARAN DAN PELAPORAN', NULL, NULL, 13, 1117),
(1127, 'M.1.1.1.24', 'PENGADMINISTRASI PERENCANAAN DAN PROGRAM', NULL, NULL, 13, 1117),
(1128, 'M.1.1.1.25', 'ANALIS RENCANA PROGRAM DAN KEGIATAN', NULL, NULL, 13, 1117),
(1129, 'M.1.1.1', 'KEPALA SUB BAGIAN UMUM DAN KEPEGAWAIAN', NULL, NULL, 13, 1117),
(1130, 'M.1.1.1.1', 'PENGELOLA BARANG MILIK NEGARA', NULL, NULL, 13, 1129),
(1131, 'M.1.1.1.2', 'PENGADMINISTRASI KEPEGAWAIAN', NULL, NULL, 13, 1129),
(1132, 'M.1.1.1.3', 'PENGADMINISTRASI UMUM', NULL, NULL, 13, 1129),
(1133, 'M.1.1.1.4', 'PENGELOLA KEGIATAN DAN ANGGARAN', NULL, NULL, 13, 1129),
(1134, 'M.1.1.1.5', 'PENGEMUDI', NULL, NULL, 13, 1129),
(1135, 'M.1.1.1.6', 'PETUGAS KEAMANAN', NULL, NULL, 13, 1129),
(1136, 'M.1.1.1.7', 'PRAMU BAKTI', NULL, NULL, 13, 1129),
(1137, 'M.1.1.1.8', 'PRANATA KEARSIPAN', NULL, NULL, 13, 1129),
(1138, 'M.1.1.1.9', 'SEKRETARIS', NULL, NULL, 13, 1129),
(1139, 'M.1.1.1.10', 'PENGELOLA PERJALANAN DINAS', NULL, NULL, 13, 1129),
(1140, 'M.1.1.1.11', 'PEMELIHARA SARANA DAN PRASARANA', NULL, NULL, 13, 1129),
(1141, 'M.1.1.1.12', 'PENGELOLA PERPUSTAKAAN', NULL, NULL, 13, 1129),
(1142, 'M.1.1.1.13', 'PENGELOLA DATA LAYANAN INFORMASI DAN EDUKASI PUBLIK', NULL, NULL, 13, 1129),
(1143, 'M.1.1.1.14', 'PRANATA BARANG DAN JASA', NULL, NULL, 13, 1129),
(1144, 'M.1.2', 'KEPALA BIDANG PENGADAAN, PEMBERHENTIAN, KINERJA DAN DISIPLIN', NULL, NULL, 13, 1087),
(1145, 'M.1.2.1.1', 'PENGELOLA DISIPLIN PEGAWAI', NULL, NULL, 13, 1144),
(1146, 'M.1.2.1.2', 'PENGELOLA LHKPN', NULL, NULL, 13, 1144),
(1147, 'M.1.2.1.3', 'PENGADMINISTRASI UMUM', NULL, NULL, 13, 1144),
(1148, 'M.1.2.1.4', 'PENGOLAH DATA', NULL, NULL, 13, 1144),
(1149, 'M.1.2.1.5', 'PENGADMINISTRASI KEPEGAWAIAN', NULL, NULL, 13, 1144),
(1150, 'M.1.2.1.6', 'ANALIS KINERJA', NULL, NULL, 13, 1144),
(1151, 'M.1.2.1.7', 'PENGELOLA PENILAIAN KINERJA PEGAWAI', NULL, NULL, 13, 1144),
(1152, 'M.1.2.1.8', 'PENGELOLA KEPEGAWAIAN', NULL, NULL, 13, 1144),
(1153, 'M.1.2.1.9', 'PENGADMINISTRASI UMUM', NULL, NULL, 13, 1144),
(1154, 'M.1.2.1.10', 'PENGELOLA SISTEM INFORMASI MANAJEMEN KEPEGAWAIAN', NULL, NULL, 13, 1144),
(1155, 'M.1.2.1.11', 'PENGOLAH DATA', NULL, NULL, 13, 1144),
(1156, 'M.1.2.1.12', 'PENGADMINISTRASI KEPEGAWAIAN', NULL, NULL, 13, 1144),
(1157, 'M.1.2.1.13', 'PENGADMINISTRASI UMUM', NULL, NULL, 13, 1144),
(1158, 'M.1.2.1.14', 'PERANCANG SISTEM INFORMASI KEPEGAWAIAN', NULL, NULL, 13, 1144),
(1159, 'M.1.3', 'KEPALA BIDANG MUTASI DAN PROMOSI', NULL, NULL, 13, 1087),
(1160, 'M.1.3.1.1', 'PENGELOLA KEPEGAWAIAN', NULL, NULL, 13, 1159),
(1161, 'M.1.3.1.2', 'PENGELOLA FORMASI DAN PENGADAAN PEGAWAI', NULL, NULL, 13, 1159),
(1162, 'M.1.3.1.3', 'PENGADMINISTRASI KEPEGAWAIAN', NULL, NULL, 13, 1159),
(1163, 'M.1.3.1.4', 'ANALIS PERENCANAAN SUMBER DAYA MANUSIA APARATUR', NULL, NULL, 13, 1159),
(1164, 'M.1.3.1.5', 'ANALIS JABATAN', NULL, NULL, 13, 1159),
(1165, 'M.1.3.1.6', 'PENGELOLA KEPEGAWAIAN', NULL, NULL, 13, 1159),
(1166, 'M.1.3.1.7', 'PENGELOLA SISTEM INFORMASI MANAJEMEN KEPEGAWAIAN', NULL, NULL, 13, 1159),
(1167, 'M.1.3.1.8', 'PENGOLAH DATA', NULL, NULL, 13, 1159),
(1168, 'M.1.3.1.9', 'PENGADMINISTRASI UMUM', NULL, NULL, 13, 1159),
(1169, 'M.1.3.1.10', 'PENGELOLA KEPEGAWAIAN', NULL, NULL, 13, 1159),
(1170, 'M.1.3.1.11', 'PENGADMINISTRASI UMUM', NULL, NULL, 13, 1159),
(1171, 'M.1.3.1.12', 'PENGOLAH DATA', NULL, NULL, 13, 1159),
(1172, 'M.1.3.1.13', 'PENYUSUN RENCANA MUTASI', NULL, NULL, 13, 1159),
(1173, 'M.1.4', 'KEPALA BIDANG PENGEMBANGAN ASN', NULL, NULL, 13, 1087),
(1174, 'M.1.4.1.1', 'PENGADMINISTRASI KEPEGAWAIAN', NULL, NULL, 13, 1173),
(1175, 'M.1.4.1.2', 'PENGELOLA KEPEGAWAIAN', NULL, NULL, 13, 1173),
(1176, 'M.1.4.1.3', 'PENGADMINISTRASI UMUM', NULL, NULL, 13, 1173),
(1177, 'M.1.4.1.4', 'PENGOLAH DATA', NULL, NULL, 13, 1173),
(1178, 'M.1.4.1.5', 'PRANATA PROMOSI', NULL, NULL, 13, 1173),
(1179, 'M.1.4.1.6', 'ANALIS PENGEMBANGAN SDM APARATUR', NULL, NULL, 13, 1173),
(1180, 'M.1.4.1.7', 'PENGADMINISTRASI UMUM', NULL, NULL, 13, 1173),
(1181, 'M.1.4.1.8', 'PENGELOLA KEPEGAWAIAN', NULL, NULL, 13, 1173),
(1182, 'M.1.4.1.9', 'PENGOLAH DATA', NULL, NULL, 13, 1173),
(1183, 'M.1.4.1.10', 'PENGADMINISTRASI UMUM', NULL, NULL, 13, 1173),
(1184, 'M.1.4.1.11', 'ANALIS PENGEMBANGAN KOMPETENSI', NULL, NULL, 13, 1173),
(1185, 'N.1', 'KEPALA BADAN PENGEMBANGAN SUMBER DAYA MANUSIA DAERAH', NULL, NULL, 14, NULL),
(1186, 'N.1.5', 'WIDYAISWARA PERTAMA', NULL, NULL, 14, 1185),
(1187, 'N.1.6', 'WIDYAISWARA MUDA', NULL, NULL, 14, 1185),
(1188, 'N.1.7', 'ASSESOR SUMBER DAYA MANUSIA APARATUR UTAMA', NULL, NULL, 14, 1185),
(1189, 'N.1.8', 'ASSESOR SUMBER DAYA MANUSIA APARATUR MADYA', NULL, NULL, 14, 1185),
(1190, 'N.1.9', 'ASSESOR SUMBER DAYA MANUSIA APARATUR MUDA', NULL, NULL, 14, 1185),
(1191, 'N.1.10', 'ASSESOR SUMBER DAYA MANUSIA APARATUR PERTAMA', NULL, NULL, 14, 1185),
(1192, 'N.1.11', 'PUSTAKAWAN PENYELIA', NULL, NULL, 14, 1185),
(1193, 'N.1.12', 'PUSTAKAWAN PELAKSANA LANJUTAN', NULL, NULL, 14, 1185),
(1194, 'N.1.13', 'PUSTAKAWAN PELAKSANA', NULL, NULL, 14, 1185),
(1195, 'N.1.14', 'ARSIPARIS PENYELIA', NULL, NULL, 14, 1185),
(1196, 'N.1.15', 'ARSIPARIS PELAKSANA LANJUTAN', NULL, NULL, 14, 1185),
(1197, 'N.1.16', 'ARSIPARIS PELAKSANA', NULL, NULL, 14, 1185),
(1198, 'N.1.17', 'ARSIPARIS MUDA', NULL, NULL, 14, 1185),
(1199, 'N.1.18', 'ARSIPARIS PERTAMA', NULL, NULL, 14, 1185),
(1200, 'N.1.19', 'WIDYAISWARA MADYA', NULL, NULL, 14, 1185),
(1201, 'N.1.20', 'WIDYAISWARA UTAMA', NULL, NULL, 14, 1185),
(1202, 'N.1.21', 'ANALIS KEBIJAKAN', NULL, NULL, 14, 1185),
(1203, 'N.1.22', 'ANALIS KEBIJAKAN', NULL, NULL, 14, 1185),
(1204, 'N.1.23', 'ANALIS KEBIJAKAN', NULL, NULL, 14, 1185),
(1205, 'N.1.24', 'ANALIS KEBIJAKAN', NULL, NULL, 14, 1185),
(1206, 'N.1.25', 'ANALIS KEBIJAKAN', NULL, NULL, 14, 1185),
(1207, 'N.1.26', 'ANALIS KEBIJAKAN', NULL, NULL, 14, 1185),
(1208, 'N.1.27', 'ANALIS KEBIJAKAN', NULL, NULL, 14, 1185),
(1209, 'N.1.28', 'ANALIS KEBIJAKAN', NULL, NULL, 14, 1185),
(1210, 'N.1.29', 'ANALIS KEBIJAKAN', NULL, NULL, 14, 1185),
(1211, 'N.1.30', 'ANALIS KEBIJAKAN', NULL, NULL, 14, 1185),
(1212, 'N.1.1', 'SEKRETARIS', NULL, NULL, 14, 1185),
(1213, 'N.1.1.1.17', 'BENDAHARA', NULL, NULL, 14, 1212),
(1214, 'N.1.1.1.18', 'PENGELOLA GAJI', NULL, NULL, 14, 1212),
(1215, 'N.1.1.1.19', 'PENGADMINISTRASI PERENCANAAN DAN PROGRAM', NULL, NULL, 14, 1212),
(1216, 'N.1.1.1.20', 'PENYUSUN PROGRAM ANGGARAN DAN PELAPORAN', NULL, NULL, 14, 1212),
(1217, 'N.1.1.1.21', 'PENGELOLA AKUNTANSI', NULL, NULL, 14, 1212),
(1218, 'N.1.1.1.22', 'VERIFIKATOR KEUANGAN', NULL, NULL, 14, 1212),
(1219, 'N.1.1.1.23', 'PENGOLAH DATA APLIKASI DAN PENGELOLAAN DATA SISTEM KEUANGAN', NULL, NULL, 14, 1212),
(1220, 'N.1.1.1.24', 'PENGADMINISTRASI KEUANGAN', NULL, NULL, 14, 1212),
(1221, 'N.1.1.1.25', 'PENGADMINISTRASI PAJAK', NULL, NULL, 14, 1212),
(1222, 'N.1.1.1.26', 'PENYUSUN RENCANA KEGIATAN DAN ANGGARAN', NULL, NULL, 14, 1212),
(1223, 'N.1.1.1.27', 'ANALIS RENCANA PROGRAM DAN KEGIATAN', NULL, NULL, 14, 1212),
(1224, 'N.1.1.1', 'KEPALA SUB BAGIAN TATA USAHA', NULL, NULL, 14, 1212),
(1225, 'N.1.1.1.1', 'PENGADMINISTRASI KEPEGAWAIAN', NULL, NULL, 14, 1224),
(1226, 'N.1.1.1.2', 'PENGEMUDI', NULL, NULL, 14, 1224),
(1227, 'N.1.1.1.3', 'PENGELOLA PERJALANAN DINAS', NULL, NULL, 14, 1224),
(1228, 'N.1.1.1.4', 'PENGELOLA PERPUSTAKAAN', NULL, NULL, 14, 1224),
(1229, 'N.1.1.1.5', 'PENGELOLA BARANG MILIK NEGARA', NULL, NULL, 14, 1224),
(1230, 'N.1.1.1.6', 'PENGELOLA KEGIATAN DAN ANGGARAN', NULL, NULL, 14, 1224),
(1231, 'N.1.1.1.7', 'PETUGAS KEAMANAN', NULL, NULL, 14, 1224),
(1232, 'N.1.1.1.8', 'PRAMU BAKTI', NULL, NULL, 14, 1224),
(1233, 'N.1.1.1.9', 'SEKRETARIS', NULL, NULL, 14, 1224),
(1234, 'N.1.1.1.10', 'PRANATA KEARSIPAN', NULL, NULL, 14, 1224),
(1235, 'N.1.1.1.11', 'PENGELOLA DATA LAYANAN INFORMASI DAN EDUKASI PUBLIK', NULL, NULL, 14, 1224),
(1236, 'N.1.1.1.12', 'PRANATA BARANG DAN JASA', NULL, NULL, 14, 1224),
(1237, 'N.1.1.1.13', 'PEMELIHARA SARANA DAN PRASARANA', NULL, NULL, 14, 1224),
(1238, 'N.1.1.1.14', 'PENGADMINISTRASI UMUM', NULL, NULL, 14, 1224),
(1239, 'N.1.1.1.15', 'PRAMU KEBERSIHAN', NULL, NULL, 14, 1224),
(1240, 'N.1.1.1.16', 'PRAMU TAMAN', NULL, NULL, 14, 1224),
(1241, 'N.1.2', 'KEPALA BIDANG PENGEMBANGAN KOMPETENSI TEKNIS DAN PEMERINTAHAN', NULL, NULL, 14, 1185),
(1242, 'N.1.2.1.1', 'PENGADMINISTRASI UMUM', NULL, NULL, 14, 1241),
(1243, 'N.1.2.1.2', 'PRANATA DIKLAT', NULL, NULL, 14, 1241),
(1244, 'N.1.2.1.3', 'ANALIS PENGEMBANGAN KOMPETENSI', NULL, NULL, 14, 1241),
(1245, 'N.1.2.1.4', 'ANALIS PROGRAM DIKLAT', NULL, NULL, 14, 1241),
(1246, 'N.1.2.1.5', 'PENYUSUN LAPORAN HASIL DIKLAT', NULL, NULL, 14, 1241),
(1247, 'N.1.2.1.6', 'PERANCANG DIKLAT', NULL, NULL, 14, 1241),
(1248, 'N.1.2.1.7', 'PENYUSUN PROGRAM PENYELENGGARAAN DIKLAT', NULL, NULL, 14, 1241),
(1249, 'N.1.2.1.8', 'PENYUSUN PROGRAM PERENCANAAN DIKLAT', NULL, NULL, 14, 1241),
(1250, 'N.1.2.1.9', 'PENGELOLA PENYELENGGARAAN DIKLAT', NULL, NULL, 14, 1241),
(1251, 'N.1.2.1.10', 'PENGADMINISTRASI PELATIHAN', NULL, NULL, 14, 1241),
(1252, 'N.1.2.1.11', 'PRANATA DIKLAT', NULL, NULL, 14, 1241),
(1253, 'N.1.2.1.12', 'ANALIS PENGEMBANGAN KOMPETENSI', NULL, NULL, 14, 1241),
(1254, 'N.1.2.1.13', 'ANALIS PROGRAM DIKLAT', NULL, NULL, 14, 1241),
(1255, 'N.1.2.1.14', 'PENYUSUN LAPORAN HASIL DIKLAT', NULL, NULL, 14, 1241),
(1256, 'N.1.2.1.15', 'PERANCANG DIKLAT', NULL, NULL, 14, 1241),
(1257, 'N.1.2.1.16', 'PENYUSUN PROGRAM PENYELENGGARAAN DIKLAT', NULL, NULL, 14, 1241),
(1258, 'N.1.2.1.17', 'PENYUSUN PROGRAM PERENCANAAN DIKLAT', NULL, NULL, 14, 1241),
(1259, 'N.1.2.1.18', 'PENGELOLA PENYELENGGARAAN DIKLAT', NULL, NULL, 14, 1241),
(1260, 'N.1.2.1.19', 'PENGADMINISTRASI UMUM', NULL, NULL, 14, 1241),
(1261, 'N.1.2.1.20', 'PENGADMINISTRASI PELATIHAN', NULL, NULL, 14, 1241),
(1262, 'N.1.2.1.21', 'PENGADMINISTRASI UMUM', NULL, NULL, 14, 1241),
(1263, 'N.1.2.1.22', 'PRANATA DIKLAT', NULL, NULL, 14, 1241),
(1264, 'N.1.2.1.23', 'ANALIS PENGEMBANGAN KOMPETENSI', NULL, NULL, 14, 1241),
(1265, 'N.1.2.1.24', 'ANALIS PROGRAM DIKLAT', NULL, NULL, 14, 1241),
(1266, 'N.1.2.1.25', 'PENYUSUN LAPORAN HASIL DIKLAT', NULL, NULL, 14, 1241),
(1267, 'N.1.2.1.26', 'PENYUSUN TEKNIS PELATIHAN FUNGSIONAL BAGI APARATUR DAN NON APARATUR', NULL, NULL, 14, 1241),
(1268, 'N.1.2.1.27', 'PERANCANG DIKLAT', NULL, NULL, 14, 1241),
(1269, 'N.1.2.1.28', 'PENYUSUN PROGRAM PENYELENGGARAAN DIKLAT', NULL, NULL, 14, 1241),
(1270, 'N.1.2.1.29', 'PENYUSUN PROGRAM PERENCANAAN DIKLAT', NULL, NULL, 14, 1241),
(1271, 'N.1.2.1.30', 'PENGELOLA PENYELENGGARAAN DIKLAT', NULL, NULL, 14, 1241),
(1272, 'N.1.3', 'KEPALA BIDANG SERTIFIKASI KOMPETENSI PENGENDALIAN MUTU DIKLAT', NULL, NULL, 14, 1185),
(1273, 'N.1.3.1.1', 'PENGADMINISTRASI UMUM', NULL, NULL, 14, 1272),
(1274, 'N.1.3.1.2', 'PETUGAS STANDARISASI DAN SERTIFIKASI', NULL, NULL, 14, 1272),
(1275, 'N.1.3.1.3', 'ANALIS PENGEMBANGAN KOMPETENSI', NULL, NULL, 14, 1272),
(1276, 'N.1.3.1.4', 'ANALIS KERJASAMA DIKLAT', NULL, NULL, 14, 1272),
(1277, 'N.1.3.1.5', 'PENGOLAH DATA', NULL, NULL, 14, 1272),
(1278, 'N.1.3.1.6', 'PENATA ASESMENT CENTER', NULL, NULL, 14, 1272),
(1279, 'N.1.3.1.7', 'PENGADMINISTRASIAN KERJASAMA PELATIHAN', NULL, NULL, 14, 1272),
(1280, 'N.1.3.1.8', 'PENGELOLA ADMINISTRASI TEMPAT UJI KOMPETENSI', NULL, NULL, 14, 1272),
(1281, 'N.1.3.1.9', 'PENGADMINISTRASI UMUM', NULL, NULL, 14, 1272),
(1282, 'N.1.3.1.10', 'ANALIS PENGEMBANGAN KOMPETENSI', NULL, NULL, 14, 1272),
(1283, 'N.1.3.1.11', 'ANALIS PROGRAM DIKLAT', NULL, NULL, 14, 1272),
(1284, 'N.1.3.1.12', 'ANALIS PENGEMBANGAN SDM APARATUR', NULL, NULL, 14, 1272),
(1285, 'N.1.3.1.13', 'PENGADMINISTRASI UMUM', NULL, NULL, 14, 1272),
(1286, 'N.1.3.1.14', 'ANALIS TEKNOLOGI PEMBELAJARAN', NULL, NULL, 14, 1272),
(1287, 'N.1.3.1.15', 'ANALIS KURIKULUM DAN PEMBELAJARAN', NULL, NULL, 14, 1272),
(1288, 'N.1.3.1.16', 'PENYUSUN KURIKULUM, MODUL DAN BAHAN AJAR', NULL, NULL, 14, 1272),
(1289, 'N.1.4', 'KEPALA BIDANG PENGEMBANGAN KOMPETENSI MANAJERIAL DAN FUNGSIONAL', NULL, NULL, 14, 1185),
(1290, 'N.1.4.1.1', 'PENGADMINISTRASI UMUM', NULL, NULL, 14, 1289),
(1291, 'N.1.4.1.2', 'PRANATA DIKLAT', NULL, NULL, 14, 1289),
(1292, 'N.1.4.1.3', 'ANALIS PENGEMBANGAN KOMPETENSI', NULL, NULL, 14, 1289),
(1293, 'N.1.4.1.4', 'ANALIS PROGRAM DIKLAT', NULL, NULL, 14, 1289),
(1294, 'N.1.4.1.5', 'PENYUSUN LAPORAN HASIL DIKLAT', NULL, NULL, 14, 1289),
(1295, 'N.1.4.1.6', 'PERANCANG DIKLAT', NULL, NULL, 14, 1289),
(1296, 'N.1.4.1.7', 'PENYUSUN PROGRAM PENYELENGGARAAN DIKLAT', NULL, NULL, 14, 1289),
(1297, 'N.1.4.1.8', 'PENYUSUN PROGRAM PERENCANAAN DIKLAT', NULL, NULL, 14, 1289),
(1298, 'N.1.4.1.9', 'PENGELOLA PENYELENGGARAAN DIKLAT', NULL, NULL, 14, 1289),
(1299, 'N.1.4.1.10', 'PENGADMINISTRASI PELATIHAN', NULL, NULL, 14, 1289),
(1300, 'N.1.4.1.11', 'PENGADMINISTRASI UMUM', NULL, NULL, 14, 1289),
(1301, 'N.1.4.1.12', 'PRANATA DIKLAT', NULL, NULL, 14, 1289),
(1302, 'N.1.4.1.13', 'ANALIS PENGEMBANGAN KOMPETENSI', NULL, NULL, 14, 1289),
(1303, 'N.1.4.1.14', 'ANALIS PROGRAM DIKLAT', NULL, NULL, 14, 1289),
(1304, 'N.1.4.1.15', 'PENYUSUN LAPORAN HASIL DIKLAT', NULL, NULL, 14, 1289),
(1305, 'N.1.4.1.16', 'PERANCANG DIKLAT', NULL, NULL, 14, 1289),
(1306, 'N.1.4.1.17', 'PENYUSUN PROGRAM PENYELENGGARAAN DIKLAT', NULL, NULL, 14, 1289),
(1307, 'N.1.4.1.18', 'PENYUSUN PROGRAM PERENCANAAN DIKLAT', NULL, NULL, 14, 1289),
(1308, 'N.1.4.1.19', 'PENGELOLA PENYELENGGARAAN DIKLAT', NULL, NULL, 14, 1289),
(1309, 'N.1.4.1.20', 'PENGADMINISTRASI PELATIHAN', NULL, NULL, 14, 1289),
(1310, 'N.1.4.1.21', 'PENGADMINISTRASI UMUM', NULL, NULL, 14, 1289),
(1311, 'N.1.4.1.22', 'PRANATA DIKLAT', NULL, NULL, 14, 1289),
(1312, 'N.1.4.1.23', 'ANALIS PENGEMBANGAN KOMPETENSI', NULL, NULL, 14, 1289),
(1313, 'N.1.4.1.24', 'ANALIS PROGRAM DIKLAT', NULL, NULL, 14, 1289),
(1314, 'N.1.4.1.25', 'PENYUSUN LAPORAN HASIL DIKLAT', NULL, NULL, 14, 1289),
(1315, 'N.1.4.1.26', 'PERANCANG DIKLAT', NULL, NULL, 14, 1289),
(1316, 'N.1.4.1.27', 'PENYUSUN PROGRAM PENYELENGGARAAN DIKLAT', NULL, NULL, 14, 1289),
(1317, 'N.1.4.1.28', 'PENYUSUN PROGRAM PERENCANAAN DIKLAT', NULL, NULL, 14, 1289),
(1318, 'N.1.4.1.29', 'PENGELOLA PENYELENGGARAAN DIKLAT', NULL, NULL, 14, 1289),
(1319, 'N.1.4.1.30', 'PENGADMINISTRASI PELATIHAN', NULL, NULL, 14, 1289),
(1320, 'O.1.1', 'KEPALA BADAN PENGHUBUNG', NULL, NULL, 15, NULL),
(1321, 'O.1.1.5', 'ARSIPARIS PELAKSANA', NULL, NULL, 15, 1320),
(1322, 'O.1.1.6', 'ARSIPARIS PELAKSANA LANJUTAN', NULL, NULL, 15, 1320),
(1323, 'O.1.1.7', 'ARSIPARIS PENYELIA', NULL, NULL, 15, 1320),
(1324, 'O.1.1.8', 'ARSIPARIS PERTAMA', NULL, NULL, 15, 1320),
(1325, 'O.1.1.9', 'ARSIPARIS MUDA', NULL, NULL, 15, 1320),
(1326, 'O.1.1.1', 'KEPALA SUB BAGIAN TATA USAHA', NULL, NULL, 15, 1320),
(1327, 'O.1.1.1.1', 'PENGELOLA GAJI', NULL, NULL, 15, 1326),
(1328, 'O.1.1.1.2', 'PRANATA KEARSIPAN', NULL, NULL, 15, 1326),
(1329, 'O.1.1.1.3', 'PENGELOLA AKUNTANSI', NULL, NULL, 15, 1326),
(1330, 'O.1.1.1.4', 'BENDAHARA', NULL, NULL, 15, 1326),
(1331, 'O.1.1.1.5', 'PENGADMINISTRASI UMUM', NULL, NULL, 15, 1326),
(1332, 'O.1.1.1.6', 'PENGELOLA PELAPORAN DAN EVALUASI PELAKSANAAN KEGIATAN APBD', NULL, NULL, 15, 1326),
(1333, 'O.1.1.1.7', 'PENGELOLA BARANG MILIK NEGARA', NULL, NULL, 15, 1326),
(1334, 'O.1.1.1.8', 'VERIFIKATOR KEUANGAN', NULL, NULL, 15, 1326),
(1335, 'O.1.1.1.9', 'PENGELOLA KEPEGAWAIAN', NULL, NULL, 15, 1326),
(1336, 'O.1.1.1.10', 'PENGOLAH DATA', NULL, NULL, 15, 1326),
(1337, 'O.1.1.2', 'KEPALA SUB BIDANG FASILITASI HUBUNGAN ANTAR LEMBAGA DAN PENYELENGGARAAN PEMERINTAH DAERAH', NULL, NULL, 15, 1320),
(1338, 'O.1.1.2.1', 'PETUGAS PROTOKOL', NULL, NULL, 15, 1337),
(1339, 'O.1.1.2.2', 'PENGELOLA WISMA', NULL, NULL, 15, 1337),
(1340, 'O.1.1.2.3', 'PENGOLAH DATA', NULL, NULL, 15, 1337),
(1341, 'O.1.1.2.4', 'PENGADMINISTRASI UMUM', NULL, NULL, 15, 1337),
(1342, 'O.1.1.3', 'KEPALA SUB BIDANG INFORMASI DAN PELAYANAN MASYARAKAT', NULL, NULL, 15, 1320),
(1343, 'O.1.1.3.1', 'PENGOLAH DATA', NULL, NULL, 15, 1342),
(1344, 'O.1.1.3.2', 'PENGADMINISTRASI UMUM', NULL, NULL, 15, 1342),
(1345, 'O.1.1.3.3', 'PENGADMINISTRASI DATA PENYAJIAN DAN PUBLIKASI', NULL, NULL, 15, 1342),
(1346, 'O.1.1.3.4', 'ANALIS DATA DAN INFORMASI', NULL, NULL, 15, 1342),
(1347, 'O.1.1.4', 'KEPALA SUB BIDANG PROMOSI DAN INVESTASI PEMERINTAH DAERAH', NULL, NULL, 15, 1320),
(1348, 'O.1.1.4.1', 'PENGOLAH DATA', NULL, NULL, 15, 1347),
(1349, 'O.1.1.4.2', 'PENGELOLA SARANA WISATA', NULL, NULL, 15, 1347),
(1350, 'O.1.1.4.3', 'PENGADMINISTRASI UMUM', NULL, NULL, 15, 1347),
(1351, 'O.1.1.4.4', 'PENGELOLA PROMOSI DAN INFORMASI WISATA', NULL, NULL, 15, 1347);

-- --------------------------------------------------------

--
-- Struktur dari tabel `jenis_jabatan`
--

CREATE TABLE `jenis_jabatan` (
  `id` bigint(20) UNSIGNED NOT NULL,
  `nama` varchar(255) COLLATE utf8mb4_unicode_ci DEFAULT NULL
) ENGINE=InnoDB DEFAULT CHARSET=utf8mb4 COLLATE=utf8mb4_unicode_ci;

--
-- Dumping data untuk tabel `jenis_jabatan`
--

INSERT INTO `jenis_jabatan` (`id`, `nama`) VALUES
(1, 'Struktural'),
(2, 'Pelaksana'),
(3, 'Fungsi Tertentu');

-- --------------------------------------------------------

--
-- Struktur dari tabel `migrations`
--

CREATE TABLE `migrations` (
  `id` int(10) UNSIGNED NOT NULL,
  `migration` varchar(255) COLLATE utf8mb4_unicode_ci NOT NULL,
  `batch` int(11) NOT NULL
) ENGINE=InnoDB DEFAULT CHARSET=utf8mb4 COLLATE=utf8mb4_unicode_ci;

--
-- Dumping data untuk tabel `migrations`
--

INSERT INTO `migrations` (`id`, `migration`, `batch`) VALUES
(1, '2014_10_12_000000_create_users_table', 1),
(2, '2014_10_12_100000_create_password_resets_table', 1),
(3, '2019_08_19_000000_create_failed_jobs_table', 1),
(4, '2022_07_31_113334_create_permission_tables', 1),
(5, '2022_08_07_111936_create_notifications_table', 1),
(6, '2022_09_02_201026_create_jenis_jabatan_table', 1),
(7, '2022_09_02_215124_create_unit_kerja_table', 1),
(8, '2022_09_02_215457_create_skpd_table', 1),
(9, '2022_09_02_221027_create_jabatan_table', 1);

-- --------------------------------------------------------

--
-- Struktur dari tabel `model_has_permissions`
--

CREATE TABLE `model_has_permissions` (
  `permission_id` bigint(20) UNSIGNED NOT NULL,
  `model_type` varchar(255) COLLATE utf8mb4_unicode_ci NOT NULL,
  `model_id` char(36) COLLATE utf8mb4_unicode_ci NOT NULL
) ENGINE=InnoDB DEFAULT CHARSET=utf8mb4 COLLATE=utf8mb4_unicode_ci;

-- --------------------------------------------------------

--
-- Struktur dari tabel `model_has_roles`
--

CREATE TABLE `model_has_roles` (
  `role_id` bigint(20) UNSIGNED NOT NULL,
  `model_type` varchar(255) COLLATE utf8mb4_unicode_ci NOT NULL,
  `model_id` char(36) COLLATE utf8mb4_unicode_ci NOT NULL
) ENGINE=InnoDB DEFAULT CHARSET=utf8mb4 COLLATE=utf8mb4_unicode_ci;

--
-- Dumping data untuk tabel `model_has_roles`
--

INSERT INTO `model_has_roles` (`role_id`, `model_type`, `model_id`) VALUES
(2, 'App\\Models\\User', '1f5a41c7-47e4-450a-b924-0954802b461e'),
(1, 'App\\Models\\User', 'a17735ef-c569-4cb0-bce5-d1fec6c4c0ed');

-- --------------------------------------------------------

--
-- Struktur dari tabel `notifications`
--

CREATE TABLE `notifications` (
  `id` char(36) COLLATE utf8mb4_unicode_ci NOT NULL,
  `type` varchar(255) COLLATE utf8mb4_unicode_ci NOT NULL,
  `notifiable_type` varchar(255) COLLATE utf8mb4_unicode_ci NOT NULL,
  `notifiable_id` char(36) COLLATE utf8mb4_unicode_ci NOT NULL,
  `data` text COLLATE utf8mb4_unicode_ci NOT NULL,
  `read_at` timestamp NULL DEFAULT NULL,
  `created_at` timestamp NULL DEFAULT NULL,
  `updated_at` timestamp NULL DEFAULT NULL
) ENGINE=InnoDB DEFAULT CHARSET=utf8mb4 COLLATE=utf8mb4_unicode_ci;

-- --------------------------------------------------------

--
-- Struktur dari tabel `password_resets`
--

CREATE TABLE `password_resets` (
  `email` varchar(255) COLLATE utf8mb4_unicode_ci NOT NULL,
  `token` varchar(255) COLLATE utf8mb4_unicode_ci NOT NULL,
  `created_at` timestamp NULL DEFAULT NULL
) ENGINE=InnoDB DEFAULT CHARSET=utf8mb4 COLLATE=utf8mb4_unicode_ci;

-- --------------------------------------------------------

--
-- Struktur dari tabel `permissions`
--

CREATE TABLE `permissions` (
  `id` bigint(20) UNSIGNED NOT NULL,
  `name` varchar(255) COLLATE utf8mb4_unicode_ci NOT NULL,
  `guard_name` varchar(255) COLLATE utf8mb4_unicode_ci NOT NULL,
  `created_at` timestamp NULL DEFAULT NULL,
  `updated_at` timestamp NULL DEFAULT NULL
) ENGINE=InnoDB DEFAULT CHARSET=utf8mb4 COLLATE=utf8mb4_unicode_ci;

-- --------------------------------------------------------

--
-- Struktur dari tabel `roles`
--

CREATE TABLE `roles` (
  `id` bigint(20) UNSIGNED NOT NULL,
  `name` varchar(255) COLLATE utf8mb4_unicode_ci NOT NULL,
  `guard_name` varchar(255) COLLATE utf8mb4_unicode_ci NOT NULL,
  `created_at` timestamp NULL DEFAULT NULL,
  `updated_at` timestamp NULL DEFAULT NULL
) ENGINE=InnoDB DEFAULT CHARSET=utf8mb4 COLLATE=utf8mb4_unicode_ci;

--
-- Dumping data untuk tabel `roles`
--

INSERT INTO `roles` (`id`, `name`, `guard_name`, `created_at`, `updated_at`) VALUES
(1, 'admin', 'web', '2022-09-07 00:34:13', '2022-09-07 00:34:13'),
(2, 'user', 'web', '2022-09-07 00:34:13', '2022-09-07 00:34:13');

-- --------------------------------------------------------

--
-- Struktur dari tabel `role_has_permissions`
--

CREATE TABLE `role_has_permissions` (
  `permission_id` bigint(20) UNSIGNED NOT NULL,
  `role_id` bigint(20) UNSIGNED NOT NULL
) ENGINE=InnoDB DEFAULT CHARSET=utf8mb4 COLLATE=utf8mb4_unicode_ci;

-- --------------------------------------------------------

--
-- Struktur dari tabel `skpd`
--

CREATE TABLE `skpd` (
  `id` bigint(20) UNSIGNED NOT NULL,
  `nama` varchar(255) COLLATE utf8mb4_unicode_ci DEFAULT NULL,
  `id_unit_kerja` bigint(20) UNSIGNED DEFAULT NULL
) ENGINE=InnoDB DEFAULT CHARSET=utf8mb4 COLLATE=utf8mb4_unicode_ci;

--
-- Dumping data untuk tabel `skpd`
--

INSERT INTO `skpd` (`id`, `nama`, `id_unit_kerja`) VALUES
(1, 'BIRO ORGANISASI DAN REFORMASI BIROKRASI', 3),
(2, 'BIRO ADMINISTRASI PIMPINAN', 3),
(3, 'BIRO PEREKONOMIAN DAN ADMINISTRASI PEMBANGUNAN', 3),
(4, 'BIRO UMUM', 3),
(5, 'BIRO PENGADAAN BARANG/JASA', 3),
(6, 'BIRO PEMERINTAHAN DAN KESEJAHTERAAN RAKYAT', 3),
(7, 'BIRO HUKUM', 3),
(8, 'SEKRETARIAT DPRD', 4),
(9, 'INSPEKTORAT', 2),
(10, 'BADAN PERENCANAAN PEMBANGUNAN DAERAH', 1),
(11, 'BADAN PENDAPATAN DAERAH', 1),
(12, 'BADAN PENGELOLAAN KEUANGAN DAN ASET DAERAH', 1),
(13, 'BADAN KEPEGAWAIAN DAERAH', 1),
(14, 'BADAN PENGEMBANGAN SUMBER DAYA MANUSIA DAERAH', 1),
(15, 'BADAN PENGHUBUNG', 1),
(16, 'DINAS PENDIDIKAN DAN KEBUDAYAAN', 5),
(17, 'DINAS KESEHATAN', 5),
(18, 'DINAS PEKERJAAN UMUM DAN TATA RUANG', 5),
(19, 'DINAS PERUMAHAN RAKYAT DAN KAWASAN PERMUKIMAN', 5),
(20, 'DINAS LINGKUNGAN HIDUP DAN KEHUTANAN', 5),
(21, 'DINAS SOSIAL', 5),
(22, 'DINAS TENAGA KERJA DAN TRANSMIGRASI', 5),
(23, 'SATUAN POLISI PAMONG PRAJA', 5);

-- --------------------------------------------------------

--
-- Struktur dari tabel `unit_kerja`
--

CREATE TABLE `unit_kerja` (
  `id` bigint(20) UNSIGNED NOT NULL,
  `nama` varchar(255) COLLATE utf8mb4_unicode_ci DEFAULT NULL
) ENGINE=InnoDB DEFAULT CHARSET=utf8mb4 COLLATE=utf8mb4_unicode_ci;

--
-- Dumping data untuk tabel `unit_kerja`
--

INSERT INTO `unit_kerja` (`id`, `nama`) VALUES
(1, 'BADAN'),
(2, 'INSPEKTORAT'),
(3, 'SEKRETARIAT DAERAH'),
(4, 'SEKRETARIAT DPRD'),
(5, 'DINAS');

-- --------------------------------------------------------

--
-- Struktur dari tabel `users`
--

CREATE TABLE `users` (
  `id` char(36) COLLATE utf8mb4_unicode_ci NOT NULL,
  `name` varchar(255) COLLATE utf8mb4_unicode_ci NOT NULL,
  `username` varchar(255) COLLATE utf8mb4_unicode_ci NOT NULL,
  `email` varchar(255) COLLATE utf8mb4_unicode_ci NOT NULL,
  `email_verified_at` timestamp NULL DEFAULT NULL,
  `password` varchar(255) COLLATE utf8mb4_unicode_ci NOT NULL,
  `remember_token` varchar(100) COLLATE utf8mb4_unicode_ci DEFAULT NULL,
  `avatar` varchar(255) COLLATE utf8mb4_unicode_ci DEFAULT NULL,
  `last_seen` timestamp NULL DEFAULT NULL,
  `created_at` timestamp NULL DEFAULT NULL,
  `updated_at` timestamp NULL DEFAULT NULL
) ENGINE=InnoDB DEFAULT CHARSET=utf8mb4 COLLATE=utf8mb4_unicode_ci;

--
-- Dumping data untuk tabel `users`
--

INSERT INTO `users` (`id`, `name`, `username`, `email`, `email_verified_at`, `password`, `remember_token`, `avatar`, `last_seen`, `created_at`, `updated_at`) VALUES
('1f5a41c7-47e4-450a-b924-0954802b461e', 'User', 'user', 'user@email.com', NULL, '$2y$10$GjMy3bOgHao4PONdEoxcO.yIaI//gkcYkIwiwSQt.mEpBgQjRfKhO', NULL, NULL, NULL, '2022-09-07 00:34:14', '2022-09-07 00:34:14'),
('a17735ef-c569-4cb0-bce5-d1fec6c4c0ed', 'Admin', 'admin', 'admin@email.com', NULL, '$2y$10$F/5Lo9xaF0MmkEeESPtbju6jK4BAc9RSYujqs4TdOeRzn0sTf0dX.', 'Re6AjqnFPdxhfTcIXPMky24A9wR3yDU85Lb50hZ2asbBS6DAva8cGs7rLyxm', NULL, '2022-09-07 00:36:15', '2022-09-07 00:34:14', '2022-09-07 00:36:15');

--
-- Indexes for dumped tables
--

--
-- Indeks untuk tabel `failed_jobs`
--
ALTER TABLE `failed_jobs`
  ADD PRIMARY KEY (`id`),
  ADD UNIQUE KEY `failed_jobs_uuid_unique` (`uuid`);

--
-- Indeks untuk tabel `jabatan`
--
ALTER TABLE `jabatan`
  ADD PRIMARY KEY (`id`),
  ADD UNIQUE KEY `jabatan_kode_unique` (`kode`),
  ADD KEY `jabatan_id_jenis_jabatan_foreign` (`id_jenis_jabatan`),
  ADD KEY `jabatan_id_skpd_foreign` (`id_skpd`),
  ADD KEY `jabatan_induk_foreign` (`induk`);

--
-- Indeks untuk tabel `jenis_jabatan`
--
ALTER TABLE `jenis_jabatan`
  ADD PRIMARY KEY (`id`);

--
-- Indeks untuk tabel `migrations`
--
ALTER TABLE `migrations`
  ADD PRIMARY KEY (`id`);

--
-- Indeks untuk tabel `model_has_permissions`
--
ALTER TABLE `model_has_permissions`
  ADD PRIMARY KEY (`permission_id`,`model_id`,`model_type`),
  ADD KEY `model_has_permissions_model_id_model_type_index` (`model_id`,`model_type`);

--
-- Indeks untuk tabel `model_has_roles`
--
ALTER TABLE `model_has_roles`
  ADD PRIMARY KEY (`role_id`,`model_id`,`model_type`),
  ADD KEY `model_has_roles_model_id_model_type_index` (`model_id`,`model_type`);

--
-- Indeks untuk tabel `notifications`
--
ALTER TABLE `notifications`
  ADD PRIMARY KEY (`id`),
  ADD KEY `notifications_notifiable_type_notifiable_id_index` (`notifiable_type`,`notifiable_id`);

--
-- Indeks untuk tabel `password_resets`
--
ALTER TABLE `password_resets`
  ADD KEY `password_resets_email_index` (`email`);

--
-- Indeks untuk tabel `permissions`
--
ALTER TABLE `permissions`
  ADD PRIMARY KEY (`id`),
  ADD UNIQUE KEY `permissions_name_guard_name_unique` (`name`,`guard_name`);

--
-- Indeks untuk tabel `roles`
--
ALTER TABLE `roles`
  ADD PRIMARY KEY (`id`),
  ADD UNIQUE KEY `roles_name_guard_name_unique` (`name`,`guard_name`);

--
-- Indeks untuk tabel `role_has_permissions`
--
ALTER TABLE `role_has_permissions`
  ADD PRIMARY KEY (`permission_id`,`role_id`),
  ADD KEY `role_has_permissions_role_id_foreign` (`role_id`);

--
-- Indeks untuk tabel `skpd`
--
ALTER TABLE `skpd`
  ADD PRIMARY KEY (`id`),
  ADD KEY `skpd_id_unit_kerja_foreign` (`id_unit_kerja`);

--
-- Indeks untuk tabel `unit_kerja`
--
ALTER TABLE `unit_kerja`
  ADD PRIMARY KEY (`id`);

--
-- Indeks untuk tabel `users`
--
ALTER TABLE `users`
  ADD PRIMARY KEY (`id`),
  ADD UNIQUE KEY `users_username_unique` (`username`),
  ADD UNIQUE KEY `users_email_unique` (`email`);

--
-- AUTO_INCREMENT untuk tabel yang dibuang
--

--
-- AUTO_INCREMENT untuk tabel `failed_jobs`
--
ALTER TABLE `failed_jobs`
  MODIFY `id` bigint(20) UNSIGNED NOT NULL AUTO_INCREMENT;

--
-- AUTO_INCREMENT untuk tabel `jabatan`
--
ALTER TABLE `jabatan`
  MODIFY `id` bigint(20) UNSIGNED NOT NULL AUTO_INCREMENT, AUTO_INCREMENT=1352;

--
-- AUTO_INCREMENT untuk tabel `jenis_jabatan`
--
ALTER TABLE `jenis_jabatan`
  MODIFY `id` bigint(20) UNSIGNED NOT NULL AUTO_INCREMENT, AUTO_INCREMENT=4;

--
-- AUTO_INCREMENT untuk tabel `migrations`
--
ALTER TABLE `migrations`
  MODIFY `id` int(10) UNSIGNED NOT NULL AUTO_INCREMENT, AUTO_INCREMENT=10;

--
-- AUTO_INCREMENT untuk tabel `permissions`
--
ALTER TABLE `permissions`
  MODIFY `id` bigint(20) UNSIGNED NOT NULL AUTO_INCREMENT;

--
-- AUTO_INCREMENT untuk tabel `roles`
--
ALTER TABLE `roles`
  MODIFY `id` bigint(20) UNSIGNED NOT NULL AUTO_INCREMENT, AUTO_INCREMENT=3;

--
-- AUTO_INCREMENT untuk tabel `skpd`
--
ALTER TABLE `skpd`
  MODIFY `id` bigint(20) UNSIGNED NOT NULL AUTO_INCREMENT, AUTO_INCREMENT=24;

--
-- AUTO_INCREMENT untuk tabel `unit_kerja`
--
ALTER TABLE `unit_kerja`
  MODIFY `id` bigint(20) UNSIGNED NOT NULL AUTO_INCREMENT, AUTO_INCREMENT=6;

--
-- Ketidakleluasaan untuk tabel pelimpahan (Dumped Tables)
--

--
-- Ketidakleluasaan untuk tabel `jabatan`
--
ALTER TABLE `jabatan`
  ADD CONSTRAINT `jabatan_id_jenis_jabatan_foreign` FOREIGN KEY (`id_jenis_jabatan`) REFERENCES `jenis_jabatan` (`id`) ON DELETE SET NULL ON UPDATE SET NULL,
  ADD CONSTRAINT `jabatan_id_skpd_foreign` FOREIGN KEY (`id_skpd`) REFERENCES `skpd` (`id`) ON DELETE CASCADE ON UPDATE CASCADE,
  ADD CONSTRAINT `jabatan_induk_foreign` FOREIGN KEY (`induk`) REFERENCES `jabatan` (`id`) ON DELETE CASCADE ON UPDATE CASCADE;

--
-- Ketidakleluasaan untuk tabel `model_has_permissions`
--
ALTER TABLE `model_has_permissions`
  ADD CONSTRAINT `model_has_permissions_permission_id_foreign` FOREIGN KEY (`permission_id`) REFERENCES `permissions` (`id`) ON DELETE CASCADE;

--
-- Ketidakleluasaan untuk tabel `model_has_roles`
--
ALTER TABLE `model_has_roles`
  ADD CONSTRAINT `model_has_roles_role_id_foreign` FOREIGN KEY (`role_id`) REFERENCES `roles` (`id`) ON DELETE CASCADE;

--
-- Ketidakleluasaan untuk tabel `role_has_permissions`
--
ALTER TABLE `role_has_permissions`
  ADD CONSTRAINT `role_has_permissions_permission_id_foreign` FOREIGN KEY (`permission_id`) REFERENCES `permissions` (`id`) ON DELETE CASCADE,
  ADD CONSTRAINT `role_has_permissions_role_id_foreign` FOREIGN KEY (`role_id`) REFERENCES `roles` (`id`) ON DELETE CASCADE;

--
-- Ketidakleluasaan untuk tabel `skpd`
--
ALTER TABLE `skpd`
  ADD CONSTRAINT `skpd_id_unit_kerja_foreign` FOREIGN KEY (`id_unit_kerja`) REFERENCES `unit_kerja` (`id`) ON DELETE CASCADE ON UPDATE CASCADE;
COMMIT;

/*!40101 SET CHARACTER_SET_CLIENT=@OLD_CHARACTER_SET_CLIENT */;
/*!40101 SET CHARACTER_SET_RESULTS=@OLD_CHARACTER_SET_RESULTS */;
/*!40101 SET COLLATION_CONNECTION=@OLD_COLLATION_CONNECTION */;
